question_id,entropy,pmax,correct,correct_answer,SelfProb,OtherProb,question_text
sqa_test_009ba615d1362b1de5daaf5123d96e9b1d023a5fe1d0a977a6c3fa89618edd7e,0.05092645843699382,0.991254362464316,1.0,C,0.06284322579690124,0.025015286343565053,
sqa_test_010d5323ff33865209928b02bcdfc54158092c35b5f30f40b2ea1b5f3aa56c8f,0.2558827754314963,0.923869955107737,1.0,A,0.035264860214014135,0.025111550188139202,
sqa_test_0163e7d03c561f73f214dd8e465349d500bf60a7a6a3d8e9e3a7d0d614ccf4bb,1.0137550513578986,0.642020650449689,1.0,B,0.0904343205840226,0.0397344007738983,
sqa_test_01aa87b4450dfc9d2b0d049501c256442bfc29cabf070dd524a31ff29e9c0840,1.1986546188832021,0.4641523584999349,0.0,B,0.038588543557313094,0.025024962586367397,
sqa_test_0227098556a959b5231dd6baed0245081c786753058d7a0cf8dbebac2c8152da,0.6616238623493206,0.8117560255810398,0.0,A,0.700653256352854,0.10959099217760718,
sqa_test_02f4ed9255acfd91b0600e4f5cdb78a88146b3c5a3b38c4f2efeae04d7f621f0,0.35706748011191214,0.8908337303828765,1.0,A,0.02630525975367326,0.02500734523865705,
sqa_test_02fa00a17c617b0d7d5b82afcc1adf3c61477e1f9ca98540fb3ac2c397507f72,0.7720680039600613,0.7423387215421984,0.0,D,0.0776900574257415,0.06033990091313479,
sqa_test_03922247bb6b34c880c5d234b20020f4e5a29263211910d0c17c580c0e417266,1.3279441904376579,0.37529549992862876,1.0,D,0.027109332693130733,0.02507519753085587,
sqa_test_051c3cddbf9d6e40c5d1403ee7809fda8ce4fbe6b69f6d90bc4f2728f9802bd5,0.8708474791585783,0.6346787929351743,1.0,D,0.07408693534627121,0.025180761680415553,
sqa_test_05ee2f2b4870aceac22826fc49771cc14f9db805821a82fac5c031c75dbd8b6a,0.2961727376545136,0.9330296128693878,0.0,D,0.07078622221803305,0.02504571778106993,
sqa_test_062f83bd3892166ca91c052fe43d1f9fe8bbfb9870ddc44144001c35d20aa1dd,0.6778302108977624,0.812068782287733,1.0,A,0.07728249269767087,0.0332278933342615,
sqa_test_0650b67961ce5adb190da1794a402eba6e3728cd0f7f516a9d292580da1bbbd3,0.2191884338304338,0.953680822422446,0.0,D,0.07202003883434403,0.025905491386439466,
sqa_test_06c8bafadff1502c95177fbbb80130e70a36b0cdf7261e434cc7879d779c3b75,0.6444630746278265,0.7226935299370084,0.0,B,0.0638819107528889,0.025379339330465087,
sqa_test_07823f9d8817d103feb3c0c70d26c47ab7378bff76a662a09983999371e047ab,1.1529266296576774,0.5564950506429658,0.0,B,0.06966108236155268,0.026875307607792706,
sqa_test_0919f910a6ce6a69da8cafc52fa63aa9dc3c2dda495fbde2bc72755d4ea31f1d,0.5424050981021176,0.8613833858457614,0.0,A,0.11995897593171276,0.07167584357702074,
sqa_test_0997202e457f1ccc6189c0b4624735021e2073cfd9d584c0f00de835b6f288cc,1.284757508518129,0.41713761330482657,0.0,A,0.03328870909151682,0.025096819599063725,
sqa_test_0a4c35e7735d618d992179a3425a852e4510f637973fb8fc6a8027f0658c22a9,0.013603161397921356,0.9982977329898062,0.0,B,0.06781037406707957,0.02500563446417161,
sqa_test_0b19f4d846bfa06ce4ab25292b9ec9a914e8113f8dfffbf550242ffa31eb9c70,0.06916172422684835,0.9887214019007953,0.0,A,0.07308602769757737,0.02710778496563159,
sqa_test_0be78447e3ea0ea3020ebc56ecd5e6807fe34b9f6a7bb1995afe68d29cdf41bc,0.18440936290228596,0.96064624610766,1.0,B,0.025206387314037997,0.025013528501071167,
sqa_test_0ea1af26e64ab27f3b890c31e3070604d3ac7b5462bb208997b63f16f7957a61,0.43307764477261756,0.8691361074481448,1.0,C,0.08945754656156758,0.03101593270629707,
sqa_test_0f9d85e9f5a3ee7af5ccb6b885a4be9aa1b0b2774b321f2aec6ee99555e10721,0.06791218686962282,0.9891631518418189,1.0,D,0.206387181752306,0.07357557717619104,
sqa_test_104c0e5526f9e0135cf80fe8428f3d0a2bc32ad026a28a107e2ecd976346bc4e,0.7547434210827374,0.7538803987624562,0.0,B,0.029860331114198776,0.025141003173540642,
sqa_test_10f76735391f41160a7cd48281a1fdb0e04af1e5a47e0e2ffc160abf48b35f10,0.22687103826703578,0.9517664776794736,0.0,D,0.025903572394564006,0.025096709956945882,
sqa_test_110f739da429f9568c2420d40b078c0cc571df2eccf431acd7faee8beb0776e6,0.26790468331782646,0.9413627815980503,0.0,C,0.6741328921786022,0.06681589735506435,
sqa_test_1166e036dc56b0824480482e0da72990fe94dcbbcf6804336812e0260caa9711,0.31851684207282993,0.9271319185194646,1.0,A,0.08994415243686044,0.0765259827654288,
sqa_test_11fa323ade73b2738854db758b7d2f891c2b30eaf25628ad8578f73093a6dafd,1.0286083891885296,0.5214255422829344,0.0,C,0.07378131018049067,0.026018355610218345,
sqa_test_1215fa2d1ee9186c75c96c26d6adc91f1eb4282d00d28092fdd2fa3d14ab9200,0.008917949445152916,0.9989112560631652,1.0,C,0.11656821048854697,0.0909451001106669,
sqa_test_1268491ba4c601a4db258eb69259916033dba5ae9a15e9193170a4376525adf2,0.05394856442087807,0.9917890125612975,1.0,A,0.09113081075257232,0.03249700692024192,
sqa_test_127c45a6feaccb8a4e88692ab4d675438c49527bf5813b3e9f0620b1b9a7c364,0.07343028337291933,0.9871779724467191,1.0,A,0.025234182431002606,0.02500250622610606,
sqa_test_12c48ea9cf2ec0e183d874b9efae0c9e8f202faece7368fe65cebb7781334310,0.8603842442555261,0.5075775804147612,0.0,D,0.0748486624494251,0.028380391256070035,
sqa_test_131eb2d647fa8b1ff39db9a81dae557da7513ca3ac7a17881556f475d67964cf,0.005002964464770239,0.9994572963848026,1.0,B,0.1111962675207885,0.07554095041157861,
sqa_test_1351aaf9eb3a88bf7a88b6bb17056273f7e1f3f5ac8e55fd6ffa05e37fb00a36,0.9883517603794985,0.5661758404368772,0.0,D,0.04144234761928247,0.025010645453706355,
sqa_test_145bb1a181fb6b78731a2d0813ca3dd311cc891ff024a9dbce32fc593cf47295,0.9333034976448293,0.5163780997352359,1.0,C,0.05487276401800115,0.025622693986562688,
sqa_test_14867044fb3a7f62358e07faf0f1b77d44634f06116fe540de7df05a8f052881,0.2686549316031176,0.942500617299532,1.0,C,0.02749873149197871,0.025996771385918813,
sqa_test_14f1e3c9173010d1f2e2860572073d00233a7372b23dae5213450c74e6e36f2c,1.0672892502826328,0.531515976066649,1.0,B,0.07462547170617954,0.04104905045207288,
sqa_test_153bac807d7c90afc99619e3d09b2e7e0e2de0f855b8fbab2e3c1ca46ebeefff,0.11556885560580428,0.9782100504858979,1.0,C,0.16059582674334005,0.07937612314638486,
sqa_test_155028f403d247eb7cac8f81c0106f9fd143db2725e6628bf3d1473422594421,0.8765929400964576,0.5588001294656403,0.0,D,0.06096722520346738,0.04391355764704563,
sqa_test_15538d546d7e36a62e309334857fcff86ef517794614c4a27332091d494b8ec3,0.053451015856093013,0.9913470233576044,1.0,B,0.12748815528113427,0.07541102365500416,
sqa_test_159d9448f64aa9e7a3deae7a1a46f1e59b029b1c8cba82fdf588697b3b370f52,0.4677135835228581,0.8813550711479762,0.0,B,0.02801423104620964,0.02502454641255349,
sqa_test_15bc7b9ba95e2904e7434586de3e2bf03b9e89328c97b4b4b82075f06adc81e6,0.24315288573288232,0.9499496193000951,1.0,C,0.08775715180017396,0.07487072342839596,
sqa_test_164b44c3693dc77003947fc33061b02f042e09586c3bdce4380178a0448b3ac0,0.6512595494435622,0.7995530094722277,1.0,A,0.13300351262725105,0.07605755228305937,
sqa_test_1708f1d366967826783a38c86b6be67d85f997ee999f5927d75ae0218fc891a4,0.007679161840194826,0.9991064909807132,1.0,A,0.5644544306472161,0.07487892572062056,
sqa_test_176d27456f273f7d425ca2303859c1c5cbde35918e88d84cae85535e13e6ef22,0.4104234257367486,0.8987649200645224,1.0,D,0.07902316971020039,0.07217780458030605,
sqa_test_17a49c6117aa8b83f2280eec0a3249eea7d2bee31c638f2c44f0758ea5b90d0e,0.7745432215391963,0.6538912899637898,0.0,A,0.07416496974775118,0.02977231629165866,
sqa_test_17eb7a6d8a1cad6f23e032cc5b214a794c4e9b8ae3135cdbaff2ae050edb228b,0.2995216278560014,0.9308736597733809,1.0,C,0.07832546885853543,0.06823924643704768,
sqa_test_17f204584ddc1444ec81fe4914c3d0a519e179b2b1da59d8695078cfe9cf017e,0.09138484376616901,0.9849293719027157,1.0,B,0.07444408085760816,0.025627094310835694,
sqa_test_17fedaee4f9277cad988a4b0b8c346339beb3af37f532e4ab36fe8df298b84b4,0.33759275823614804,0.9076827626881689,0.0,A,0.07551436341894532,0.05000668995850001,
sqa_test_18b8b8ed2caa571b13c9e7f1327da5057e7dabb426ce097b606d3166ac05c761,0.7576031074047689,0.7275650886288489,0.0,C,0.029299656477798166,0.025041239977252574,
sqa_test_18e58bf28a569c55ff6beaef0a5928838393bd42e3d161e81866dc09c5405fb7,1.193462607888546,0.3923513736453517,0.0,C,0.09194667306177808,0.07620022843452376,
sqa_test_1928d080a752df8aa7eec8daf0b6135ae37cd391863318ff547e6efe65c96f8b,0.5615979585739376,0.8026183234105468,1.0,C,0.054557821672760125,0.025089221084401665,
sqa_test_1954acb620b812f8ddca578b7dafffb1e0820cc8afef618fb9c0c71a70d1b4f2,0.02024231616399642,0.9971022183610905,1.0,B,0.086352309713433,0.07478196647275379,
sqa_test_1984659f182697f6dd5382ae3be5592b54e45c49729e4236d81da3f7a4a0ec3c,0.7323446704023483,0.6844634978202636,1.0,A,0.02500735030942103,0.025001254624295154,
sqa_test_1aecf58a502ecc6d38940533b62f419a813541ae136c3fa709e08d3786d82de5,0.48495124540744444,0.8157686697844985,1.0,C,0.07084227266482293,0.026869229306354336,
sqa_test_1b58a69b2ee6cf738ff0ba34bfdd2e0a299aaa5e3887de721adfbbc444ad56ef,0.020540981293767187,0.9971593480055383,1.0,A,0.13541591728780905,0.0686708679070725,
sqa_test_1c5c8e1e8432806b694bc23c5af3ed0116f60372ef5f62ee2623759a38205de2,0.023106705978960862,0.9969048041278998,1.0,B,0.07492621006197792,0.029255732058898747,
sqa_test_1c921e6a98fa31a8a63be79eb3fc873df634701c6bc787f314ad6ae7c3e848b9,0.773148005583705,0.4915518788999797,1.0,C,0.07563903318580309,0.032405273205397434,
sqa_test_1cf225649b6fc038c2d9ed7d37f6db49934aca56f02077b84872977708d719a7,0.008217692553657376,0.999025699007463,1.0,B,0.07633110310687653,0.06967275228648186,
sqa_test_1d41a3b56670366604e9b494ae80c84b4ee96e744b6a2999b85dd52830db146a,0.45361250219949856,0.8641526444111108,0.0,A,0.07509026699562822,0.051585330582959395,
sqa_test_1d47b1567644d647f6e76152a619dd069bc03442e2080fe9818a79d2db73aeb1,0.013234940324392921,0.998289416757492,1.0,B,0.09406854550232695,0.027670852393672545,
sqa_test_1d5cc5893b997cf36c8439c4c29b8c57a26138fe7a61c4123b54b1ade0c88087,0.623344415978527,0.703446099278515,0.0,D,0.07987019684609792,0.02630018760628202,
sqa_test_1d6c1c8c4342066408110a7349266ffcd9403faecddb14ef5d577ffc2c82eba3,0.22216782493434803,0.9560386326181917,1.0,A,0.2559785239596213,0.1519682342906334,
sqa_test_1e69ec1402b021d12c7cf8dac7ed8794a8d6462d09e49ae6990610d66c6e7b82,1.1776635194747815,0.38044537866380734,0.0,D,0.07722826300358061,0.07453754068550529,
sqa_test_1ea7dfddf44e773a56ef8f2af7f79e5e18f29f19c8c057ba9b2e5e91f0f10fe4,0.06764229776811152,0.9883387312926694,1.0,C,0.09296060911804492,0.03054374875607124,
sqa_test_1f46dac76a56893995a4ff37054334d72f83330088032e6d94336dbddb389c9b,0.3126995617595782,0.9226461014979624,0.0,D,0.07263012609961217,0.057579262642105035,
sqa_test_20289e6416d5e2dc2dbdf8f291b19af74f1b9e3da118cb9cb6135b91e890b1b0,0.822506323789165,0.7284405074515713,0.0,D,0.07518708685820741,0.03511184913000481,
sqa_test_20d084df9d7565f16ca67c2fa338e73fc4527114b094ea39e33a4f16b438750f,0.3501627405606683,0.8991181734990596,1.0,B,0.29414431119252815,0.06526721751324249,
sqa_test_20dffbea5716c531a77979d8a6c40e019b3c0fe73a78dd3515c6fd1a489aff67,0.0001127408150776248,0.9999915362117302,1.0,D,0.4821236467273415,0.3045198371442031,
sqa_test_2142d7e1b0992351c0ee13500abe1c81f344433de0fb8d26d5d006956011038d,1.1712316899495423,0.5512928052823701,0.0,D,0.06996638364334208,0.025261682061849287,
sqa_test_21be5940c51b012dca48e3094b839370df6ba8d2cf541026b70ed073d2c4516c,0.34618496237600266,0.9055768165253273,1.0,D,0.05901018664100786,0.029257781373359444,
sqa_test_220a028ad281eca22f44ae436c486c3a9193f55e196145a831bf10c8a926c302,1.2557244321688068,0.4291888120737929,1.0,D,0.07161746589076737,0.03512619722650134,
sqa_test_222831aa836c0e46757f46de7163e1afded2b5588e7ef0cfc48ff9de3758e708,0.9145306841176688,0.6866698300102675,0.0,B,0.07318968450884139,0.0726896649601912,
sqa_test_2324ed0c2b5286cd6fd8abd449820445010572523119ce1d147e05e837bd3a69,0.20373375705550872,0.9507850283569635,0.0,D,0.07923929145152833,0.07490174134950606,
sqa_test_23bf3d16b302a4573076cfd796545b94d76df49d57e95fed64e0b003d4ae3aad,0.9487415779326032,0.48789811045568865,1.0,D,0.0767344737003248,0.07432485380206223,
sqa_test_24164edc4dd52f0703c33fc8b39908d4af044b792715b1e7413b63888f94e848,1.1596779782737314,0.38346972561148107,1.0,B,0.07518872128934108,0.02879506099234724,
sqa_test_2507bd9e35f127a91b625b005d6538af966c4fde089dbb7b25661f164f17ba5b,0.8812157699832643,0.5981029937140937,0.0,B,0.0726433382604114,0.060328319542287824,
sqa_test_2544b072d5c93430298e085d254e35f45e0d6dc07f20f96d09ffe1a9ff4a29ae,0.8357156550042436,0.6539636899562176,0.0,D,0.025631746837656642,0.02500647237152046,
sqa_test_26c3d260ee5a479f032ac0d9ead52a49ce695c514191779760ac07833abb82c8,0.2595749912956755,0.9397746466542627,0.0,B,0.07949020931526644,0.06905999867528895,
sqa_test_26e8ad0f7720b08b86cb2d048a7fc1e47dde61694696a6e9cbbae88ac2ede4ae,1.1923118371570725,0.4610853979927951,0.0,D,0.06592933968721523,0.02514094653563932,
sqa_test_273b41ec5183303b7aaa5ee57d91ee8b2605cb147edecb1a2733259d7012003d,0.9022789526719788,0.5681184539250388,0.0,A,0.07280823675114706,0.029769525970541465,
sqa_test_276854f51b80e349a793cc19836bd798158a5c3bd3dacb505876f8fb2df9cee6,1.178779109235383,0.47279890527206536,1.0,D,0.07130904495764802,0.0332297182795327,
sqa_test_27c134ce9b858cc48817767324e69980242dfa1557f2326d0da1e1114c18b2ae,0.006083280943354049,0.9993394211629166,1.0,C,0.07332120365273427,0.025080504300848624,
sqa_test_28224f2d8758e2bc6c4c382ffd6e591d36b4eb8627813d876254a98650de100c,0.12651078483040665,0.9744119252041347,1.0,C,0.07397123083716049,0.02590334346076997,
sqa_test_28aba0dfc75bb8f068c1f12229d3c8e316bc3ebf416ce4e39842b5a556049844,0.3389866034124279,0.9263887922136652,1.0,A,0.050940941569875345,0.025011115253931095,
sqa_test_28cbd1317841e2a14443359a117b343154b9735b3eac075af187bb39c426c338,0.005499758362916301,0.9994156201489021,1.0,C,0.17840056719566996,0.0914617209118733,
sqa_test_290f6d7bd6975890b960ba26749a8c4c0c883f82be4c28237b0db8010cfc938f,0.15263577804281217,0.9707222550833325,1.0,B,0.4954562567022762,0.07505003233530615,
sqa_test_2943d268c3594d7f906b12583ffdcb2eb7e0e9b079995e7d37f4653525ea1259,0.7656353101459922,0.5224357293315582,0.0,B,0.07480745609384772,0.07028431452377108,
sqa_test_2a4905fd4d35830c1cf5cba4ab46ce92a8d7527264de0fc49bfded30d784f23a,0.5976813378370393,0.782661265209811,0.0,D,0.22810807624033383,0.08316392896830738,
sqa_test_2b448f97daebf8584a8a0e5640e1e633d1d0c6d437847a8f9c433db59d23220e,0.4272807660979445,0.8929215771320294,1.0,B,0.07705501767272112,0.02710545053308178,
sqa_test_2b5c8a480083a8e32c7bcde90897a66ea9c806fa90f789e79ca9b7a4b0fb61bf,0.839558399412832,0.7358735287222499,1.0,B,0.07122299244852998,0.027105575447688452,
sqa_test_2b657b2d39a6646123ae93971f878545321c175418b6736dc9d2cf9d8998b3ee,0.1673857592887535,0.9616645996154914,1.0,B,0.14570530595215309,0.07812342718303007,
sqa_test_2b783ac39edc0407f7473cdf4a425b12d936f4650866f259327debf70a565329,0.9162426667107184,0.6433645111761855,1.0,A,0.025110942164025127,0.025006661281348815,
sqa_test_2bcf264e731b9b0252d2fbb87a01fe2855e8145e00484327930248f72752a175,0.9032235498374859,0.5927152806407798,0.0,D,0.060387362582840304,0.025051833308345,
sqa_test_2be7573710163c8e869a5760d9af3858cb67d503f68c42d09a7aa565a73e8e0b,0.3623720933669627,0.9183911830330729,0.0,B,0.10614418907571604,0.07266339032617479,
sqa_test_2e33094a0dbc59658530a849dfedf904df4a3852f4cf4e383683de05aef57f7d,1.0839623685571673,0.5763137192485852,0.0,C,0.07363298826171387,0.05766177691374214,
sqa_test_2e6ae3cb9e1b010d46c351f0f5ace3bb5251468a1afc36f420e972bc0f474906,0.016783499940853968,0.9977619778991006,1.0,A,0.3099847233977298,0.07319639970201436,
sqa_test_2e8d93fbccaa6259b8ef00fd72d02bf3db0393b1cfc84ee64d975df387d2d7ab,0.003228930390203608,0.9996603689253716,1.0,B,0.07510564462665895,0.031652223498879285,
sqa_test_2f2907220849e57cf230725b790684e5bc4557972c536c91701368ed9427c3c9,1.0684956446589218,0.5358935658395054,0.0,C,0.07447148355477624,0.06971916138527433,
sqa_test_2f5857417b03e814e8ee87240dfe08b4bb9c6735066fa08bf9d7352de5b4bf09,0.6776203143695455,0.7824434272162308,1.0,A,0.07362087950838614,0.025335356542067592,
sqa_test_2fc368d66e725c10e5825438c6f55c6dd956b73760760aaa6f0ec6fdb26b9e09,1.089734723886688,0.5348815540353506,0.0,B,0.062090576465271996,0.048795215285265384,
sqa_test_3019552f850225dd7ca9b9ffa571582178e3ce3fbd43a6087d0ce07cf966078a,1.352340977023343,0.3088899064969205,0.0,C,0.07573599299962135,0.054672580821594055,
sqa_test_31ae5a241cd1785239ce2a1e4f1d134e02beb96a622728f1e49f868bd49b6a68,0.200770701041053,0.9533987945053102,1.0,A,0.05001845648068451,0.025031576027908217,
sqa_test_31df179edfe803fe804b5d7922a4e9a9fb0969ccde32be80989dcc653366344c,0.02688338229766103,0.9963103084769679,1.0,B,0.0774127450973055,0.05896272267755342,
sqa_test_323d9402aac5abb4ab45d7ae3b90c6fdc9b625de921d31f8fb2a493843a98fed,0.15061845310545735,0.9662956808310754,1.0,B,0.07462294440572893,0.027681177440042996,
sqa_test_32ad377a70f49efc8d88b2b9779cd6a86367479afab98fcf2a4d8bca9b4e57a8,0.8997909544337941,0.5244859870106677,0.0,D,0.0736670438267816,0.048535609447620365,
sqa_test_32e1ad3ca1ec8303290351aca251a5db7b7e062ac9744c67153b9abdd827162b,0.5850963812419281,0.842890572337266,1.0,D,0.16096136660476706,0.07587403571941984,
sqa_test_333d7e53539ac17ce58c63b524997bedeb6db077ca02b23dbddbe7982f94cce4,0.45776528779943915,0.872288639567636,1.0,C,0.27794801949807263,0.12605001349881495,
sqa_test_33467b90a04ad222ae543b4bf210b99341fa005a34f9f0a20e1d58478901b65e,0.3112640436375307,0.9223231064287807,0.0,A,0.0999283107686953,0.07379098457487726,
sqa_test_348f0a3da53b0a075cc1843093bb073815fd8230d2e69e5c2fbc4379b7cc0800,0.8152458558456006,0.6847969125525362,0.0,C,0.07403552720917345,0.04537600495707547,
sqa_test_350e6e1b8effa2e1195d87025e6aa577fab644332fc8861641a7f41c386e6478,1.0818605849882568,0.6014119939579046,0.0,D,0.026349772472572967,0.025329863834417467,
sqa_test_351e84443eb31b7e1568c6df9f603dc24a0a3243d0f501199541e5429fe6ab1b,0.13040596387845058,0.9756160190412868,1.0,A,0.09732236790152295,0.02590193919225609,
sqa_test_35766a883343437651c02d42efa2dc96909bbba2793596bdf1caeecd02dde32b,0.00037406443900638606,0.9999685297375228,1.0,B,0.08031064803863013,0.026465966970002724,
sqa_test_358b79083a650874bfc0c2936db80440197c1ff8e60d7b8836ff05b94a42b6ad,0.015197317611426599,0.9980464007639711,0.0,B,0.06517317817887475,0.04421537452647302,
sqa_test_35aaa8f9848d4f37a7e462d437883d61fc77a0ee7d1ce6c078b9e3bce4ec4c42,0.4035867333735855,0.894123632181955,1.0,A,0.07121165951176923,0.02687328048051411,
sqa_test_35b5dba2b086ed628b6d61bb290dcfacb08096cc91c8ef3723548e47575680e6,0.12027632470257502,0.9777668569071905,1.0,C,0.028417930804623626,0.025008185597433934,
sqa_test_35eb1489326fe12372e7040f0e2a730344d2148b403e9b2b0c7c55c61da7ef77,0.7897579331163666,0.7127556814878573,0.0,A,0.07718290134480493,0.06276564380257395,
sqa_test_35f11f43af663dd54f8d32c6cc3dbc8335adcfa36de9f345e5a7c6325b90b516,0.014593228882020554,0.9980164848044027,1.0,B,0.10317140321929671,0.07355125130916533,
sqa_test_36551590c61727d2b7ddbb9cb08c20983e150c68d54265930ac30e2e8f66244f,0.17002560430576724,0.9647623868920585,1.0,A,0.24779160216415685,0.07375946821052731,
sqa_test_36621e746d507f000f4f7744cae0375c05cff20ba505e9d96b968e4244e2c59a,0.1572478116201997,0.9678924725036158,1.0,C,0.08010279607501572,0.048466307230409275,
sqa_test_36a4da74fe89fac75dc7d2eebe47f7a6767069c1d0e7c0b9c2251a443034d775,0.010387050381150904,0.9987018293876629,0.0,D,0.3791029602978472,0.07950868600613234,
sqa_test_3795fd6fe66a707ba103b88ce7e2a23b140b0bea6e7dd79aca93107af26bba9f,0.5301170805437352,0.8568737462113002,0.0,B,0.11804956498968545,0.07506057157662573,
sqa_test_385de9b479f923238704a93796ada0cac5ab4a3b11833580dd305202529f9137,0.2695326840114452,0.9398328724808851,1.0,A,0.07096035153341484,0.02526371374186476,
sqa_test_3863fd8f7f1fe96b8b9069c05fae19be2a78dbba36852f331f61bfd687f4f231,1.1205638866082568,0.43098439856597887,0.0,C,0.03751638003486887,0.02508620152932252,
sqa_test_38a94d463d89ed7226b6394e4a9f6fef24de8948277f64cb686b8872304c6739,0.17883744747619595,0.9657632508311342,1.0,A,0.844389990138806,0.329341900675136,
sqa_test_392b88b28b3e23255f555d9476a336e5363086c7d329ae00afefc2c35a43bfdf,0.811872199431517,0.7003340775027995,0.0,C,0.05928047989097739,0.02501192603379346,
sqa_test_397f9441297b031af9a1268d935c97b8520ed560c6ffc4f81d6c0188de105ada,1.2450504398820712,0.4524229310917377,1.0,D,0.0763237355017407,0.027106272466243305,
sqa_test_399ae29dd9c9d1b93b9bf1b735555e86c5d97c17bddd950f7ef14d48c6b9f7e2,0.4170301714982451,0.8941283020740199,1.0,A,0.04404357557622858,0.025262943521664798,
sqa_test_39ab62c588f4a7721eaab3dc5915ebaf1c1c3c51ebc0267adf6e49810d40c274,0.0002467906292322794,0.9999772315450165,1.0,C,0.14820060401823107,0.07538197396728627,
sqa_test_3a8a8815890d3a707e32240fdfaaf5a460c9bd506390eeaa74dd304d71641513,0.7212840311034556,0.7962345355975424,1.0,A,0.02616296735767406,0.02505922082601516,
sqa_test_3b34496e100fe4572cf87f24ac1e18678924f177e7b39e7a03acfa9a7524078a,0.0018680233159819595,0.9998115656225447,0.0,D,0.41062894688383117,0.10303722971018366,
sqa_test_3b8af85d49d7315f386d1ac244c5ad2cb8518a6d2e613aaddb0af85fa673bceb,1.2215021443170815,0.4128492515677273,1.0,B,0.07531191947808444,0.07474993333904784,
sqa_test_3d0d5e4fe82c696ad49bdfd74eedf7a4eb2b7da939eb88080194a2b7035a7955,1.1976537689925049,0.40222667486674246,0.0,B,0.06990853379210109,0.025490549320811656,
sqa_test_3d833902d38d649c1242056fbb6dcb8e0d9625880d8ecff7b676ff02d37481d7,0.025643513952000613,0.996364388780963,1.0,C,0.14524025659083192,0.07482950212809494,
sqa_test_3d943c36c92a85f6b6eb66a8f310b6b64cd1cbe1f37ab521b06d3b2a2ae1560c,0.364467770778826,0.9062841724055848,0.0,A,0.05158242040435491,0.025041063347480276,
sqa_test_3dd34561876ebf7e37841ffdc986cd3d87db3626558b39502994d7de071da475,0.0003842055790191922,0.9999661457096376,1.0,B,0.7165072197135952,0.3353186415145487,
sqa_test_3e384ddfeb267e45a04abb7823562a816bc5e757335efca51e532abe274084f7,0.19194923469460062,0.9613180070123652,0.0,B,0.4209205981231786,0.14552275370166295,
sqa_test_3ea2c8df4d7c23c93d3a51f3f1bff1e1732053ac36ded34ebd752442d3500859,0.7216539771792719,0.5873871984824274,0.0,B,0.07608186389538374,0.025096702113159505,
sqa_test_3f1930cb947ff6feba9e8e597202ca2bb4d26b914f816affde302bd0fdbb7a29,0.8008567968129069,0.6246902968399881,0.0,B,0.06914886085636107,0.02590123745019212,
sqa_test_3f5d0ac03f186f3c528162f208950ad453ec97cc438366e5b8d98c54ab344ce5,0.6785599091491064,0.8011558438992679,0.0,B,0.028395734036303764,0.02505216860142162,
sqa_test_3f66c841fe7f5f9c7e3b2eac60b200fd722dd5d313a49a46252cb3a1ea133bdd,0.3332743657144262,0.9202046861927153,1.0,B,0.027403632097756266,0.02502013272902481,
sqa_test_3fd959c7e1062f8a13f2cf8db9e66cc222dadc804bec6792a21fbe2c5c81675e,1.0917404476221408,0.48260014497371023,0.0,B,0.06956480431717346,0.025262372262883217,
sqa_test_407b8441841c6b4d1fee2144d189aae1864cb6fd97655262a38b8cee487fc5c8,1.0317184804365342,0.5664825123210371,0.0,B,0.2968032849294106,0.1169481810974121,
sqa_test_42776a44f9bb4a863fd0a1ba26d7216e4ff7aeb5ebb5581c3076b9fe958d5623,0.030381759597726862,0.9956073255067545,1.0,C,0.06602205982382885,0.025142450108668783,
sqa_test_42e4ffa2998d4bc52d1ba9062698a0ba18fbbf790f7f8182d7c1fd6a424804bf,0.7234811488383114,0.7080356955408179,1.0,A,0.07269824043015521,0.05000394772444543,
sqa_test_4369681b862149bbde18f92c05c6d41b924cf68d5278fa2ed291e78217d67802,0.12481899534831997,0.9749460052205442,1.0,C,0.038676833897863284,0.02507744919867003,
sqa_test_43ba08ec59a1bd5f0401ea4654616fbac00d568face7bd2c16587ba7075f28a1,0.6726866620502701,0.803771515686222,0.0,A,0.0757424188759222,0.02515894464084312,
sqa_test_43f95fc386239e9e1ba7b69e73c8b76a3dad3f21388e8fc2e192a19e10d73dac,0.009524834926241482,0.9989197016729414,0.0,C,0.259253435514505,0.07689092759523433,
sqa_test_44b268cab25e5d3f36c47cc9e2d4faf464531eaea7bf113d441d1693205afa26,1.1083499668553531,0.4900433484846622,0.0,B,0.07752264602719075,0.07357021664549286,
sqa_test_44ecd04aca5481dbc5fda63f175229ef741f55cfa51992f27a6341fae6d9f98c,0.5344803400488654,0.8090901606402663,1.0,D,0.2469873392592067,0.0731141889466925,
sqa_test_454c60951e7a8b195c14782929e7ed5ed4c4150ac0f04f3b0a737797620bfcec,1.2340120449201606,0.49557917230264836,0.0,D,0.06819515641284686,0.025123910094737127,
sqa_test_45dad6c06ba443d60750eed275fba966db845cd1dd3ef3b9e0e884350652d171,0.056420134489845876,0.9915063804278361,1.0,A,0.035191633138303396,0.02518035945550281,
sqa_test_45f627873f3eaf364c2176206bdb82a85b3ef8f81d73bad84c5583da223cf4cc,0.4806519192383221,0.8654271580865575,1.0,B,0.07568282064021897,0.02737346395269836,
sqa_test_46289cb738045c8662cc8dd2a65b9d110f7601f09022656ef47146d42334dcb1,0.2560986199462581,0.9461483441635181,1.0,B,0.07309858643316237,0.03412904796919327,
sqa_test_48e370502b4c9d0466bae95245d1fec6cc571af1efdcbaf21c5059ca20a9e5ac,0.13152545759835785,0.9756650399561649,1.0,B,0.07488283153492958,0.03412786839696096,
sqa_test_48efd9dba3d7aab0314a8668f8bac56c6db863f1498d590a8d2fff9902c576ea,0.24531711420165875,0.9374685172311508,1.0,B,0.04106836529147542,0.025012000126045403,
sqa_test_497066eb4423ab81e4920e2e0207bcb2782b0955f0fae7a8ed1ee07388780b06,0.5894025294682526,0.7979170454271182,1.0,A,0.04260661177661304,0.02590100015949049,
sqa_test_49a65368d7894fb6f538f100b028f9c464785ffca7746c28ce5cf69376f0c5fb,0.002315538118106961,0.9997605658734923,1.0,A,0.08028010972543097,0.030362177004653684,
sqa_test_4a44c39217c49948e5d87ea0ea61189b6d89b01c0bed2d350990d1431be41300,0.6793308643312785,0.5924022107846239,1.0,B,0.08609042776393686,0.0440505241729714,
sqa_test_4ab483a4c18f6afdfe56ad4917a643ee05c9838ad32033016b0076fd39df92d3,0.2720004158103564,0.9451681108435104,0.0,C,0.0750579466063125,0.0731718762212422,
sqa_test_4b098628b76f8e04ca1fbed6d7de4a5099a92ae76b0c49be1e86254bdb4b588f,0.08090525132322225,0.9862510952173064,1.0,C,0.06035126192905117,0.026482956642019988,
sqa_test_4b31a94ac6f3017d3465e0397f55aa564b83006042a8a211cd4e3928031a365c,0.01143630685993968,0.9985220849586284,1.0,C,0.058280948809258486,0.02503480747221029,
sqa_test_4b405925025eba595f47f43a967dffc2bbf5045c9650696d64ee52274f8cdabe,0.095173980977618,0.9817944624974491,1.0,D,0.049691852537060384,0.025804364560972695,
sqa_test_4b9e854eb0ced6c1badd117a7e0bc84daa2908ec5a68f6191b6e751a2881172a,0.9132363147794955,0.6983896926634997,0.0,D,0.029273548853371075,0.02501170505926482,
sqa_test_4baa01324136a9c5dbb5b616912aa4b4d7ec0cd0a8b8e2db0b26cd99755d182f,0.0029520109208533087,0.999690390167879,1.0,A,0.030683408139106125,0.02500714392294925,
sqa_test_4bc08c94d1cc91b64aee27983bc69489f5bbd54698d6c01d2d86aaabdd3313ac,0.8750675061617857,0.7230534539905802,0.0,C,0.07563354331090191,0.07291772808574298,
sqa_test_4bddc5ea7beead3483dceab7ce9b722e1d309d9bcad21af4c25da661ca20476e,1.2218710143153857,0.42888378263748506,0.0,C,0.02514173162553895,0.025161589559182376,
sqa_test_4c675abb56b2fca0c91a64c45e986f2caf11f9c778d34cc90c2b733aac859743,0.19390997368675744,0.961249157545084,1.0,A,0.08280932527790649,0.07644236382444171,
sqa_test_4c8871503a08daf8624e25b326e6598859fcf0d1ab02e658358ebff0542d9a0b,0.8211841533308779,0.5727608025513574,0.0,A,0.07965351136400782,0.04117463564244196,
sqa_test_4d0c1092011cbb8bbcf8776bca535bae57f0aeb73cd96a1306b800b57f4c8fb9,0.5824362474028258,0.8296759523973621,0.0,A,0.23232224297521498,0.029781173417761184,
sqa_test_4d2468c871bb288e79d73987ccaee18c81caab33dd3e8fdee5abc9630211c08a,1.3070880972064558,0.39175233395395076,0.0,A,0.3452187755285635,0.07427252720360443,
sqa_test_4d66cfb721680890a147cf169be129a6c8a117b50a040609430cef6e50303932,0.9327350350593133,0.609768425804146,1.0,B,0.026663413552093954,0.02504066209430133,
sqa_test_4ddf0fe420fc193906c988e4316db030f9a045d11f72db14c5166b5d127f15b2,0.15142803624812148,0.9719860498802723,0.0,D,0.033264607495053604,0.02505902634219221,
sqa_test_4e56eba5aa4f418b42652333abc74c66c00f3f48473fce026b6910d99b61790e,0.06618335066929355,0.9888757182709592,1.0,D,0.19246851212976326,0.03725691816634376,
sqa_test_4ec56a4953825d6e11e533048b9ee1cb3f47a142a03df7b8864525d507447d8f,1.1523800150561518,0.5064002226388727,0.0,D,0.05478143087511897,0.03038251502795678,
sqa_test_4f37e3e47749ba1b4b87b5ee8ab33e189aed0d4b53f7cefd6ce485b6f333ce9b,1.1943559898539193,0.4317965652411118,0.0,D,0.08351995405716535,0.05465017816972461,
sqa_test_4fc0736df125ee7b24955f99e8ec592b3a78f358e1d29162a5aee588f1e69951,0.08058108813475956,0.9873629527103001,1.0,B,0.0703535020770205,0.026298646102155203,
sqa_test_4ff84fa33eb439d2fcb58d98ceb4b75abc9ac8170abc3bc2a7b23860f4460003,0.01024303797310757,0.998733457702467,1.0,B,0.05624101919162819,0.0252042331325353,
sqa_test_5019f1a6a707d26cdec2cda4e9fbd7a4e7c807b9ff6b1cf87efb94d9b6d2f8d7,1.0100141811973016,0.46172093633862343,1.0,D,0.5592270423567623,0.22609645732066483,
sqa_test_50fcadcfc576a1b2d11111b88809ff3ee2b71565b0f8d0723de4953b2f833b69,0.019506156420784716,0.9975242074282015,1.0,C,0.07605901476154363,0.026472958018377853,
sqa_test_529a6a895c79719ebf273ec0122f76bb7c6ef0bda98286cb3d37d41b66ce1a7d,0.8951812344977722,0.6450467111184984,1.0,D,0.4918450539452115,0.07602965200827504,
sqa_test_52c781f4bc7d1eaf7c545e21829becab64e404187cea246959f4248497e6bb4c,0.0003032250672873707,0.9999747282700929,1.0,D,0.09729182192557995,0.07489648157491224,
sqa_test_52f7d181b2ea325cb4b5dedbf3775dbf3180424ab648a542b2fd48524dcfaf7c,0.004468993060050414,0.9995256529300754,1.0,B,0.10131555022517684,0.07525905412908508,
sqa_test_534e5ad35392009564a55165573c9ff4005e57683c6f39eef64ad6256a05d2db,0.6477920820591555,0.772905798917764,1.0,D,0.0927060548834152,0.03374938725306633,
sqa_test_53561c9c9acf15f1ec96579d57bf3a4d7cffefd50757fc218e6ab2c936759e45,0.48371263528852126,0.8490032490628354,1.0,A,0.07360182191972901,0.025796828694941116,
sqa_test_5384d4ae721c7c7bf1fb645a8969c9aaf6b33785dfa52a0db2842a7024412faf,0.8618502848138124,0.7130337269738563,1.0,C,0.026677118524993194,0.025098073068222055,
sqa_test_53fcb2403fc6070ba6484e9f175610d40e9e58e251fb70afd8590152ffd02175,0.0011819007191656477,0.9998810432844463,1.0,C,0.08541189589006341,0.06838377966201849,
sqa_test_555641c671bbf0a5c55d1b9fc21aca8359ecd576a569237dd498a9a2815baa92,0.9214180352904724,0.5158552526622476,1.0,B,0.05972756930400035,0.025159678978379178,
sqa_test_55a7842bf392cc804e2fafdaaaa3bcd7c7841f72676fe531bf93b8a730baa06b,0.5664836119473211,0.8383002238758885,0.0,D,0.078464884355888,0.07090789470665201,
sqa_test_5627931e4fbad66f3f729757aa846259f6d9d5abe899e6ad6ae1e52e5c3452ac,0.0535114745356471,0.9920607775696147,1.0,A,0.13465812463617668,0.02506027733403603,
sqa_test_56ed28fe93a9be035dd87f35ce932dfd7d04cb03c48e4add8bd03a65812407da,0.7081533299222158,0.5893817581513545,0.0,D,0.4535404572204468,0.11426234533167648,
sqa_test_56f0f0e0e0e376ed19b31379631e4c32bed159a2e15e1b32dde1f5e08b2dda30,0.054611528552697686,0.9912958287751117,0.0,D,0.07978036672665988,0.06685840832007535,
sqa_test_56f2e10a9f30c9860b70ac90165623e3fd6c692b283447086f11b82938ab3c9e,0.13642572229938604,0.9754849840083063,1.0,C,0.11986274141014547,0.07545848284783913,
sqa_test_575e7157654672cbd0218b788a219fc0787e69255207b5b27dcf693fa9e06dd9,0.0018724372391066642,0.9998064415914827,1.0,A,0.06037203258738563,0.02686908639744384,
sqa_test_5763f79a834567c478dda87426093373b6ae1d080c06974330400d24d3188de9,0.9877987043760952,0.5137784624683975,0.0,A,0.0698097785519967,0.026299881649327946,
sqa_test_579d281ec7379066ba2b7e38eade396a13256df79af8505a3769242544b135b5,0.029500954245418716,0.9960423602856692,1.0,D,0.47399232510380374,0.10231888142440936,
sqa_test_58eacf324c51436324d5039e1b34f78a8cf6bed05288585d86eb28c20eccee24,0.9976693778966452,0.44506565123624947,0.0,B,0.07359728423601924,0.04690211944600145,
sqa_test_59c6acb76f98502f20bcc1f37b7af4de28aeb1010a4c74ea4d53b7549d4015c8,0.01717603837437775,0.9977829842478886,1.0,C,0.07454641108868384,0.029775402515942122,
sqa_test_59e99cdba70c49380b0d60cd42c985acff882aa49991cb0281df3ae97f782217,0.003217304017047881,0.9996671592717471,1.0,B,0.026470863384812013,0.025006436558613187,
sqa_test_59eca3ec5910160bf617722a93f786622d5d7c8ff8d1f3b962b84bf1aed478ed,0.4195189171865462,0.8625311530345074,1.0,C,0.07423741278092626,0.025705919981371624,
sqa_test_5a1159bbf976d204cd16cc239d1538ed5da1ed36e31251f4255cf5f8e80565d9,0.02079794573308972,0.9970509020729224,1.0,A,0.09592535772319273,0.07100131849156918,
sqa_test_5ba4ceaf24173dc75b3d5bc7f6b5c81a04ed9a98e9f7959deeef44fad60a12bd,0.7286101897426458,0.6143615321525965,1.0,A,0.10469475539230061,0.07438972348524879,
sqa_test_5bef2605266b5be3a0d4c19595f9f3601f45fae352c81dc403594b293d4de40f,0.35027828065661376,0.8992421193600918,1.0,A,0.07327657918080882,0.06909184958143755,
sqa_test_5cb9d47224cc0636b80e07f50a07a6893e1cf5820f2c0831066dfbb2d9a92bc0,0.006711769970813935,0.9992564489050645,1.0,B,0.0726650001739364,0.027670683859078157,
sqa_test_5d2dcdf75b8a0541a7c2732a22b1ff8f67ef71d43388abc4fdbcbec1f441144d,0.9237042846288375,0.6219055586922424,0.0,C,0.06750242725671216,0.038467317876643044,
sqa_test_5e0d51f03a08c58078e98e46c1be4928e263f3bf455503c2a2b642f941997cd3,0.03493951623109177,0.9950555679644495,1.0,A,0.04551972302022349,0.0252615131524658,
sqa_test_5ef2890bf2fb603b6c8baa0fa692a3994956cdcd8bb62bd20bbc050aa746b625,0.7094638241809677,0.5599525755440201,1.0,B,0.07077446678470364,0.02601796214754711,
sqa_test_5f306c38a3fdefbb8543fa95202552618d259bd8b910bdb12f32b5cd12be043e,0.034762210557936074,0.9948833871278155,1.0,B,0.07703891031857928,0.06589177505564982,
sqa_test_5f3b1ae23c890f61ad7d53d2ea0c0a66ba7d7d1a644416323d14fa48bbfaa1e0,0.8804660986326782,0.6527955900936907,0.0,B,0.15040187280570716,0.08392728366075729,
sqa_test_601d195ef2a293cab37368607a5166f6d1c952c6a84168087db459626fb81598,0.7560144793595877,0.6363271504196631,1.0,B,0.12094303647990923,0.07499678062188087,
sqa_test_61f08ad181ec37a9c635538998ea4395e18d9e3c58a993d9fab269531bc91973,0.6255565487310341,0.7981381210022412,1.0,A,0.07231284731511249,0.07249511423194946,
sqa_test_61f7f5d9aac1de452ae11e0f0d47deb2f29eb3b4388f3a6e9b33f8a22f55695d,0.9351405981504719,0.48839591095383883,0.0,A,0.0719012269815679,0.02837993911682547,
sqa_test_624aada21a81cd17d9e10820306e40d6f6b491e7230400c3f7a8171431fdab8a,0.020596279129868326,0.9972636678037693,1.0,A,0.04879843114625189,0.02687622927956108,
sqa_test_625d3f801a785d26deb2eaf4e7032320ba385055f8f87ad2e3b4536c1e76e631,0.1418110941818472,0.9719050802013426,0.0,C,0.06413079676531283,0.025015539968453158,
sqa_test_6277363123b0b8292a2375f28ee56bc590c428fdc171303c485dfdba28109590,0.05229911795429858,0.9922274054534234,0.0,D,0.06981767578502211,0.025011731938782648,
sqa_test_629e79835eb9b41b5dfa95ee080bc37c18c7c1c8b470783745f61799430b3444,0.70676660616427,0.7487346309700545,0.0,A,0.16417482860117327,0.07712426185410654,
sqa_test_641caacf56a2278abd61005d0288369085ccf8087f542a29ee417d8b93f00fcf,0.6113228558737441,0.7052583429415644,0.0,A,0.07570537683212994,0.06431809826876464,
sqa_test_644c31f61052bf3c68774eefb3778ee0a3be0a6abe9ae4bf911ab3f29ccd7391,0.9128806074482483,0.6917410936682686,1.0,B,0.06497910796781042,0.025486288126847653,
sqa_test_64565c8df7489eea8fcadb1bcd550069f5fa6de466d9b4918c78662ac4b9d4aa,0.9822309908547683,0.4424748059836228,0.0,D,0.04888017141665038,0.04539953962241815,
sqa_test_64be30cb7540b1c36fd5bb852c02689eae63be094d2409966940064cb266b2b3,1.2759701343268328,0.39667457443531445,0.0,B,0.027688321815064993,0.025025506167764416,
sqa_test_64c2fc6172fd3bc691d3a511393e5e92c4d0f7cbd810541b6373e97605dd6484,0.06561655089162255,0.9894511020641763,1.0,A,0.030439214377500145,0.025003487822144316,
sqa_test_6526110e8d3a228769cae71340edbc094c68d285a2a9628563474578db3cb995,1.1383145140468898,0.4038843033021347,0.0,D,0.03251297310149603,0.02562417771822133,
sqa_test_6578959743bd70dc0fcfe01657e4632debec597ad5b51f9d788e2b117c772282,0.12950617712876888,0.9761252969720363,0.0,A,0.08222184949339276,0.026871568222665187,
sqa_test_661508102b2d53713ff201ba2fdb931f597b9c55a127e84d10bb50d31748bc2d,0.7089341677055728,0.7755313081369344,0.0,B,0.026049917727603795,0.02543144177862564,
sqa_test_66cc37ee2b5b13c023ffee61ca079eb42c6913046c7d2814c3caf93541897bf2,0.022930775504041535,0.996864169692714,1.0,C,0.07838607640088388,0.056404731773121115,
sqa_test_670263205e91d781b778aced7a03ac0d0737eb891359639eb1c02ad115e946b5,0.6683205075247426,0.7251052721232205,1.0,D,0.025054070807063466,0.025004516431482517,
sqa_test_6840d52347b325973545fb30a622caa76a0b02c98b024a78405e9850f9cc431e,0.030204392684964124,0.9957608447018312,0.0,C,0.08438148142512118,0.027382672219329874,
sqa_test_692318d5761cb3cfc777ca8d9f13895aa1875ca0813bcb0062b0cbe0504f1251,0.4060934480468345,0.9055207096039583,1.0,A,0.07067539520165994,0.0384558321625621,
sqa_test_699217e05f0ab897577a7cf62d664b48b6e07ddb19209d17cf764b04345da2c3,0.22980622704394266,0.9516567758481228,0.0,B,0.22504668731744534,0.11340201090572108,
sqa_test_6b071f5b1ba936495401930ca8e33d31184e439302e51157f3079211ba759d5d,0.07488900885837828,0.986371933650402,1.0,A,0.028412751372933004,0.025004513846295512,
sqa_test_6bea9cdc64fc2f576e4c337bca834f9074293f18319489a0210aaeb371d642de,0.011834224753538162,0.9985802094476597,1.0,B,0.27054714071743974,0.14421209143714978,
sqa_test_6c407675f305e95e52215560652f893c8529d09ffe7e79353feb3bbdccc04443,0.21348174681087773,0.9571078360713217,0.0,B,0.06698582166491451,0.05163301115001905,
sqa_test_6c4e9523178cb8883034f88f0ff44b4427d4e3e372c6fe5e45b41cc1070ef9b0,0.5968531636631688,0.729468338467908,0.0,B,0.09321809566087595,0.03414104021248831,
sqa_test_6e97898a923c3093563cbb10f6e978b5987b8cf043d15f09fb8bcaa07619cbc2,0.23742027705738725,0.9461911417625697,1.0,A,0.07181160388423818,0.034135038630565516,
sqa_test_6eb9b56e388fb52943c01ec6f846d4f258920d21301fdc065a006c728bbf64d8,0.49867401860930044,0.8756452540661193,1.0,C,0.09714877871398897,0.07537383072163595,
sqa_test_6fb8ee46a3d97e74d0d47583bd797a468ded29653a74c7b6c1c3bb073236949f,0.0035788047035295928,0.999598783361312,0.0,A,0.20871210381420716,0.07509977200953939,
sqa_test_6ffc77af91588d7fa141343093afb41e56b90f09995e35e243aa444a8981003e,0.595541244447634,0.8262330715102498,1.0,C,0.09060126394191596,0.041064062672089015,
sqa_test_7014a175ce25cf944858652382f9e323e7eac3f932839faf8e21263fc4fde991,0.02549150019785196,0.9961719985340426,1.0,C,0.08316652421574362,0.0628777681340207,
sqa_test_7028918e0b8d416776726dfe18f3eb6041c8cd533a3212880639129d29d9ea93,0.0382549464000282,0.9942344976846996,1.0,C,0.07128408786491695,0.026470464496085873,
sqa_test_7039963e6eda3a165053addae5c43b270901cba68e15d206d5ada47745088ff8,0.001858221353003785,0.9998153788953527,1.0,B,0.08155853900585489,0.0716541832852491,
sqa_test_71197e7ac40685beefe9728e7a63fad6f4acce9f4643e3e3b68b0fdd74462840,0.7627200049436059,0.7346731866916248,1.0,B,0.03171344995955861,0.026301306387229727,
sqa_test_729bf2b485db21fc2ae9f63bc5577a6f22cccc30c4102a317255490b5a185e03,0.802048092940192,0.6948123223596069,0.0,A,0.025770049870258688,0.025135270334153314,
sqa_test_72cf4bc043e2e4a7ef2f1f6b0208afe7632debb41c1e71c6934011e5aa620ec3,0.025421548707424746,0.9966784545826317,0.0,C,0.5574704070945182,0.07602589405809294,
sqa_test_732df9e41df7706b4b37848ef361893fed5c8158ccae83a2aa57fe6a0f1ebaa5,1.1745834443756766,0.3852262644332164,1.0,B,0.026308666921751826,0.025011857168811588,
sqa_test_7346f68b0f53ec35dbe1dc83239aad645a316afa38c0bc038a885def548c5099,0.10165625288251362,0.9804997772323943,1.0,C,0.07555484761601058,0.028798264813061667,
sqa_test_734b032ec773ee6cc8a6705500f0315641a98b1ae7bebac03c1b4c2106a1d8a6,0.058464337036157395,0.9902895384697623,1.0,B,0.07402052659238352,0.025158832907535157,
sqa_test_74299fba786da807718e7e00cb8e4e57ed1d9e2f4743feb661314d70be875866,0.16858466558800594,0.9690751359065508,0.0,B,0.09448626112623298,0.04244487728334736,
sqa_test_74933061db92a509eea4c5df8c3a48976bac2a6b7e06a8035f05c11809b5f902,0.10733189160066624,0.9805630449338852,1.0,D,0.07772726493041131,0.07123509881459575,
sqa_test_7652ae8935cdb13a46af5ff110f2c7b7a802cf585a0615dffffcfc095ecc759b,0.7609109664970762,0.6729087873157299,0.0,D,0.043941917202269476,0.025096883030123515,
sqa_test_7702f76d204cf3bd046d534919814f1694f87de83155bbef3c204da3cb01602e,0.6492774939491452,0.7845371001006668,0.0,C,0.07457561433423632,0.030339380564666098,
sqa_test_7737e518baf335e90f2d146e9a6b8233d83f80b52b029a2d3647da233b91a8dd,0.09810409551940112,0.9829672368603471,1.0,C,0.0775057669230321,0.07341482812743687,
sqa_test_78199b573492fe77132fd6ad091d6e754bea5ce4333c271019b22efacace7265,1.0115012708149442,0.5331469308070108,1.0,A,0.06518532461427227,0.03515277797098857,
sqa_test_78d190f153744dbdadc38c3e9c9b31641ef4aa2b5151f0cfc6c51e36d760d6fb,0.014249150932290367,0.9982811007106708,1.0,B,0.07838587010383223,0.07265198003697679,
sqa_test_7967ac93265c6cfdf9757b4158bc359b15b089daca79646c2b122e12908ad347,0.1055141402662236,0.9809875523710022,1.0,A,0.05292867471927311,0.025019167126906293,
sqa_test_79e87b6074b7ed63d6d878113ed7ac35b658d24e2e8e9c364b5a2009a0b0a363,0.9271049347546704,0.4592175557447741,0.0,D,0.06845422078881754,0.025159050034331252,
sqa_test_7aea7de03f47d6d743bd55b4d89e9fe5d040fe2f776a33a7f23a54a590fe9558,0.6180631515207501,0.7636273246145873,1.0,A,0.037989386613967,0.025068027997587627,
sqa_test_7b0976e6e5c0f1b1053eaba28118c1185b2b0a24580e2c46b55381bc51da1fcf,0.005574025072307731,0.9993523979835893,1.0,B,0.08481313326641657,0.039714472580741324,
sqa_test_7b4fd8507f6ea7571e124fa46bb7c3d45b57d69f0a065cf8ebb1a37a82caedd2,0.5351809438909978,0.8191189624839367,0.0,D,0.18783467037335255,0.07204602690612309,
sqa_test_7c04dc57aaeab21b901755750f3358fc57a88117b52e8dd283b544522543876a,0.15536776795067506,0.9709105591861699,0.0,D,0.07476721395440468,0.05311854762632032,
sqa_test_7c10dd55a4ee29798c4dd7f5ba3723e54d52d80ed71fc69f03cccfc59becf63f,0.0028417853334978477,0.9996995636611218,0.0,A,0.15568531943033623,0.07950466911845304,
sqa_test_7cdf75e83f38e29c0474cbca1570c990535f7ecc9e23b29413a9390779adc29e,0.5012769439358158,0.8665843940132812,0.0,A,0.0720791670937197,0.0373022942366874,
sqa_test_7dc592ffa2cde5ce50d0d84da599d9943bb9be8224c9678e0533e112d34383df,1.0801265647539502,0.5767323355301477,0.0,B,0.07107021757359966,0.02978089180012488,
sqa_test_7e08bdedbdc894d44ae748fb898e82b673952cf0038b5e8088b611a76ec461a8,0.009480063057134714,0.9989333812562482,1.0,A,0.06412391198351898,0.025051992619980944,
sqa_test_7ebf0694d04ab70a4ee0674fbbb697c101f3706e462a02fc135eb39bcd69896d,0.9648349210539838,0.6016466221430561,0.0,C,0.02691868631438748,0.025233705248558717,
sqa_test_7fa1372435a8eb85fefeb7a27539744b2bad7f14f36ca6623767c99ae38c1fae,0.6834791979326044,0.7798081128173615,0.0,D,0.6699463589856607,0.1504261301127129,
sqa_test_802d05f1a8fdd57006b6f3dd247e44594cdc02675b2681d781abd86f5a9d225c,0.8493637085774814,0.7063791736805456,1.0,B,0.07237796970659682,0.057635766995644745,
sqa_test_8081fb8747df1e3f9eef2626b9ff8921a08e8a8c310778245aea39a003105415,0.4688464080318018,0.8823134102233889,0.0,A,0.043918946689868656,0.02555222175375847,
sqa_test_814f2e4045a2a6b50a96350605d87d865bc379d4a1e45ba1864786a3634b8686,0.8271868795035452,0.5428318284681619,0.0,D,0.07133940344600181,0.025031557669858782,
sqa_test_81729dbbe1eeaa584e2894111ff27fa56abd30d18de4f671edce93d6d7ebca59,0.2826764152806748,0.932965792299395,0.0,C,0.037599852145143865,0.026472925874528555,
sqa_test_819e4e2ae832d3da5dcb0d49c9cd63a4f9f8898ac7d5832f87db72165d74ed8e,0.15822803868420993,0.9667632947242965,1.0,C,0.6785275158769173,0.17421259496358454,
sqa_test_826d4b1abba27bfbd00991db37d18ce10e831dfbfb1af441def7be5e63ea2dc9,0.9315066496448111,0.6897226335368069,0.0,D,0.06848824367399535,0.025052113635704018,
sqa_test_8282687029e3239a502cdea27e2578797cd5fbc6478b09e27f5e70c1f2f7cfce,0.2882344424450246,0.9347832040485459,1.0,A,0.05916361614060814,0.02562397954056183,
sqa_test_837feb2ab9ab51289e53c678fe2b97e32c811db920ccf6195fd46ae959376d49,0.2320771371963527,0.948862848485219,1.0,D,0.07423097434738225,0.028009859754362442,
sqa_test_839890a3ba566db390915cb1ddedfb82ca702686426899f38fc856a23681133f,1.026136065823033,0.43270622118806834,1.0,D,0.0436653784944475,0.025022546453970354,
sqa_test_83f565f04e12d66d1c6f75ee62133aabce578dedf2cb38ee21f2300a17d6b107,0.7317390134751688,0.7662804151892832,0.0,C,0.1355413581652796,0.07996830249236041,
sqa_test_83f61c81465dca5809582fad41ffd6fde762da020ae063784a4cc5ca4d32af88,0.07481992584941326,0.9868734633892647,0.0,C,0.5476002798363172,0.07963723515657506,
sqa_test_8440c88e5979568f3e5496e42bc7a3ffa45060838f09a0199a352b0f946c43e5,1.0059155255423633,0.4943200282053618,1.0,B,0.6865255900603505,0.08878167895967548,
sqa_test_84c9bf6021fa5b2d0e153b1894f24f0245ad4f0c0c13bd0b7c1d1775b7add90d,0.12499600987520576,0.9766799256308866,1.0,A,0.07469354062286326,0.029790395937349032,
sqa_test_8526677dbab6df52a855cc6344a1162eabbf72156cd821aac5a716b21d266ce1,0.5052005266928089,0.8638666319115329,0.0,D,0.036593185727014005,0.025003511327077104,
sqa_test_856c3c6e337a380d2bcc8e8bc407b8b3c33cb937fce3d874d2a953f969d8fc9c,0.22982776894901413,0.9513614818823279,0.0,B,0.07642679269272631,0.07297441015940775,
sqa_test_86cde720cbccaf270965c96f8b402e32fcd2fa86a704191ad61585f7b0d17c07,0.7043135657128234,0.7498860044479114,1.0,B,0.06682668793095674,0.02502219181631106,
sqa_test_87f71c47f13b3b43eb8f333d7e3bf221608f09d2df7c24093b73c81f32692e29,0.0026715182726143056,0.9997216046250976,1.0,B,0.07414919228696028,0.0252968102035428,
sqa_test_8bd82619803c27ef6739c38aff0a5db82dd93c57e27388b5df830ba7248f7a30,0.9626366371768283,0.6641032316398696,0.0,B,0.2969491798170639,0.0827388177302909,
sqa_test_8d36f1f883b68f4d5071e76b369555e1a68d9af6dd8d8e74191271544e17034a,0.8238727223844544,0.4821350057021452,0.0,B,0.027677985679635194,0.025006332836301194,
sqa_test_8d403d9d5065b6ae35004b94db5bbf73961b3ccd6b3f4ddcf3608ab9f5e3ef69,0.6672850543331449,0.6966074927201967,0.0,B,0.06796347523397946,0.025486168508230576,
sqa_test_8d680547ce31345a5abb1c4a439bd6e88802a4c9aaa18c674931c69c99940ae4,0.8176591657370824,0.6860313321854831,1.0,A,0.07169894190656398,0.02537984275099612,
sqa_test_8d99bbe4d40b67525511bacee7b521e735ec5d0079ccf8e721070182f257170c,0.021393176707950632,0.9971420424917709,1.0,B,0.07499359412622801,0.07234071859046397,
sqa_test_8de440070c955f212c2a08d821e2199cfb1c1654665dc9899477a4ba1f2755a0,0.7240876525819053,0.7425626000369662,0.0,C,0.3004244241265699,0.07703098531137473,
sqa_test_8e0c727193df07f376313ce19fb546c7b17d7edca78c72e82bede8974df7e994,0.06959726910308778,0.9887810718232533,0.0,D,0.045532386048808174,0.05759198954937369,
sqa_test_8e12cf0b4ea504403976485e99f13f469492029ac64dec21a92f2b014ba5e183,0.012865830303568446,0.998268032860068,0.0,C,0.9410329483388522,0.2954994130499161,
sqa_test_8e2498af0c79bf4b4f55b4c6d26129e97a75d26ee51edd5150ce1433e09554c7,0.6683873783230356,0.7927919707928223,0.0,D,0.07386735151621505,0.026298859527477694,
sqa_test_90332ae332a5fe02b49eaddaee0e3bb1c4ac79159d4c6ff35958cd39aba191a6,0.7557765625340099,0.6939682788867748,0.0,C,0.07657450923064704,0.04105459255394392,
sqa_test_90bf23b790a733cdab2590d78005733f9a8ff4c4b48f9aea8b61e0f15804eef0,0.0004629655989167983,0.9999593512842658,1.0,D,0.08364404068429725,0.04846157084083157,
sqa_test_914531208118702d955d35c80a9c84da3218e296b12b05799a661c10561547e3,0.007970849226180098,0.999029149341837,1.0,B,0.0668116238698743,0.0292589761171561,
sqa_test_92c799c5c3316a1bc4c80dba99293dde0459721c7f4a6f427f5c516395cd3f1a,0.7213651668351844,0.736406090057025,0.0,D,0.025964740990142583,0.025060899538016615,
sqa_test_92ee7df3d2b2db04acdc22094e799b4f65e9a80b2c087a13de96ada57ebbd016,0.0816858344695153,0.986654779172919,1.0,C,0.07500108409026048,0.02767583089053907,
sqa_test_934d8c5d34c80babe575580748b160afe0a059c1f9f8416ee6b691a76ed4c7a5,0.07085113073103581,0.9875612559225609,1.0,C,0.07602118341517433,0.04557076947123775,
sqa_test_936436cf16162f0affe3dbd67b91abfd43e31b9101e7a316e38d64d153e7ff88,0.14297931449897672,0.9694097584047723,0.0,C,0.2702786316256902,0.07399091114402205,
sqa_test_93ce341c1404698c98ae0fa48c0566f91fbcb97399be4ece18a99cb6d2592aaf,0.7090598522110267,0.765680929034859,1.0,A,0.142657868851849,0.07719450926391505,
sqa_test_95775b9dde3eb5c41c483d9f9bb0dcb1f53f941e331953f91fe921af430f1f5e,0.02769136920292465,0.9958128560072191,1.0,A,0.14375348665905574,0.0500138185979394,
sqa_test_95fb8418c744f1558f5bcf99830e54ae5702730949d714264a3da2381801f870,0.09749480834637982,0.9830525961864818,0.0,D,0.07471091866989941,0.06762692872005938,
sqa_test_96457bda6adf9c6c59911e7d949d4d69ae8abe58b8f2386adc2470950ae26ec2,0.4699432057885276,0.8612835434014935,1.0,A,0.3219450065347388,0.13694113206157454,
sqa_test_964647b742862f081b42bd7e42ee414efa0176e7ed740764e336308a78c205bb,0.9643661672581219,0.48912048836379196,0.0,D,0.15661640716127687,0.07444730720401384,
sqa_test_96520725bbe2333e15c8d50ef3a82aa277237aa0f4f8f9afb7729229242a5561,0.06441520176612317,0.9897144644182816,1.0,A,0.06326886331315056,0.025231298431470664,
sqa_test_9735141976655222e5350652a92e88b470462f77335f112f108882b62a705427,0.21718594097652752,0.9557093625685025,1.0,A,0.07293894286914626,0.02665525629736731,
sqa_test_97c7a3d1c3c7d83b201c0cfa6cfd357aeef25a18002edf7b738d97b65215d810,0.35165575507152375,0.9191365292680099,1.0,B,0.09085001606474226,0.07414641381294979,
sqa_test_98221aa2b76ab00fdee7034421d1cc54c0fa0be7d99bf9288c733cd5846a11c9,0.9454835023572115,0.6288925727168948,0.0,C,0.07823606399652437,0.04853292183010464,
sqa_test_98346bc0d022ba0823bd709ec3c59a6486b23f0bb9ee4da1c587a5acb35df035,0.004651768651228543,0.9995142198301541,0.0,C,0.588440820125811,0.2020667198399931,
sqa_test_993ee5e6c504c5d51a68ff98f0af064a400206631dee91b33e744edfd29dc096,0.3534138489674253,0.904940265092687,0.0,A,0.06410136107141275,0.025903318273902784,
sqa_test_9a2eea65cb48b8e7ce6532236545e7ce3d5d0d48762fc6aba5a53299f6915b86,0.0010733644135628483,0.9999008277075381,1.0,B,0.5254636548702243,0.07849026043784631,
sqa_test_9a550b6b2ceb8121fefdfcf283345374867d0ae0a208301ce9974e84e5e29fd7,1.1287888428660689e-05,0.9999992847447459,1.0,B,0.09351294428988811,0.07490168756280453,
sqa_test_9b193ee7bbb1f06c4d529ac2dbb8238232c0ebb7e6c1953b3fc333e449b76c4a,1.0814509186981833,0.5146409331849076,0.0,C,0.0789450521028555,0.03412355455917092,
sqa_test_9b8ec9c079f4c962a1e3a6c119ca89e219e9a80b553f3382061c85ce5cb22ea9,0.1299458246044873,0.9757546959946972,1.0,C,0.0640991806942588,0.032494659140849466,
sqa_test_9c3622002ffb16bca0b7e7f371c899e33aee1fd0cf1d0e96e6f0d6b37a82b622,0.00016664992135190102,0.9999870063564401,1.0,A,0.088305180900766,0.05901388470947864,
sqa_test_9d6461c01ef5e4a76979b171cd5f30c6219297d9bb191f4e0959becc6e88d336,1.3400792069420383e-05,0.9999991655356624,1.0,A,0.6865274314953109,0.07616708372410624,
sqa_test_9d7286985a26c4ee2c1e1a3356b2deae6f41fe2d4246ac34be309c3e4ccac196,1.0373749299500171e-06,1.0,1.0,B,0.8849989655224795,0.19276395489658354,
sqa_test_9dc8bbf691a84b956c81d92ce9542cebf8e6c30c908779bfe04535167233ba5d,0.6933980389861377,0.7973671729775319,1.0,A,0.026658810874073523,0.02503641386890931,
sqa_test_9dcbdba28a8f0d1dbec0c9e4621f82fafacaaa88f4a0e167776aec180b283aab,0.2495159219471336,0.9422178591072923,1.0,B,0.06912137287882043,0.02504071339091055,
sqa_test_9dd702104b4b6562369cef6ff145585783597cdee6f8fc42a0217b8a2da1f20c,0.5609374172919334,0.8364803830964969,0.0,C,0.1301694761970205,0.07812082098171727,
sqa_test_9e6e84cb5e4125c6619a9d4c6b4ff692dc9107e23d1e902757f8a23c0be1a5d6,1.1178272422952762,0.42660260536523287,0.0,A,0.13231594361667467,0.07637326693397717,
sqa_test_9e88523da3829fe0badacf1cb5fbd57883a35ebce6ad5b4da0b68d4b50bae482,0.07193420191306049,0.9875077782794871,0.0,B,0.4484631118411581,0.07491662817155104,
sqa_test_9f39ae61ecf154463c66f2352eaaeb094936617e9665e6c00c977231e1df1400,0.00034388556764975537,0.9999701985655173,1.0,A,0.11740495227520438,0.05311336749811663,
sqa_test_9fb3ae98edc49e4cc4e4e2024da71404b874666190cd091bd95daf7d400a698f,0.440581748153643,0.8681408518283937,1.0,D,0.07471517184726059,0.025796506597905784,
sqa_test_a105521f0184048669e68b04356694ade0664a4dbf5024f8ffd548e4932b0e6f,0.862141541412781,0.5643111387458459,1.0,D,0.31576253828049816,0.09951291342679529,
sqa_test_a10bf7d985741f15d4b23e3a2751a69a5b0b9639c76a01a0186c9e4b919b277a,1.2274583010578628,0.43187803078606035,0.0,A,0.08407969952605578,0.025023040800931422,
sqa_test_a13f804f19b62c3c486976f96c7440398931dd80af973f1348487083677ccd78,0.016652598037259485,0.9977578244450592,1.0,A,0.05483835493447339,0.025027987407143036,
sqa_test_a18f310440a20c2d791491fd0f42c5372de3f0039e22f04f2cf23385b70ad0dd,0.2593452816542475,0.9378389113837952,0.0,D,0.16080839506544542,0.07569336300915858,
sqa_test_a2ee0f9e1d81123b42bd6b4ee113fbf4020314b184b1aa0d92e3ca9044caff21,0.3808376303878428,0.9016199482359382,1.0,A,0.7797499807796466,0.1892935984553022,
sqa_test_a30122d3bc8643e0ac49baceb1ae7e45586961b30f816094c4fc679a3dac8192,1.347799708974374,0.3182628857445959,0.0,A,0.07467588061908288,0.029266067987189736,
sqa_test_a3439568e6a9f358047934518196ca1ed237af286243ba1a10e9fbbb285f57f9,0.0024877562047011643,0.9997332807798672,1.0,B,0.18525623041931735,0.07520591703951571,
sqa_test_a375f26570d7123025a73e1b81ec00d80f9c7e59823019e10b5d36d927a31e58,0.8156379094409187,0.7006367808406159,0.0,A,0.0764003848314804,0.025486738397769507,
sqa_test_a3addfbdf8fba5a3b7b37df97451a47365d584dc2216f63f84f014821a00cb93,0.6742242485613607,0.7161279916266045,1.0,D,0.08276184030579231,0.07359344120178384,
sqa_test_a5a8e9ef594ee09aed97f76fe279d0fcbf91b927076d1601de65112dc8490a8e,0.0003756281331579999,0.9999693641511719,1.0,A,0.6602717288304951,0.3659169948324808,
sqa_test_a5d138b89e599474a23493a71de03ea98f311cf3e33c47f3e5364c01d684d927,0.9906161556648996,0.5358071065093711,0.0,B,0.07916850755366815,0.07200224765381083,
sqa_test_a62bdbd01d4f96289acc6fc92a8321da2f2840563975586e857b3b7819e94047,0.07012337887575924,0.9885498913006747,1.0,D,0.038683363024846096,0.02512446960190135,
sqa_test_a6d6b1b5d1de8edfc4fbba475c6580c0c38faacd2b72d0d4b7cc7edd29180e6f,0.08220736311362796,0.985813215557208,1.0,C,0.025556418810561747,0.025002302781085697,
sqa_test_a72a67ff8fd988ebc63fa9d4bd35938319dcf3436dbd9a0349969c6ff9f7d410,1.1019536478169878,0.4392141325511465,0.0,C,0.07107025859639006,0.02503577964847123,
sqa_test_a731d567cab75e4c83653397a882f31ed58947a8fda2616d3f1ab593c4298e11,0.0942659514464923,0.9830423422023221,1.0,A,0.37563842928154856,0.07697542205551317,
sqa_test_a799fff6669cca81b0407c23336b7c02f95f9afeebf1e67fd77a992b5e3a6033,0.46339963940175,0.8457948757818902,1.0,C,0.08125398612533272,0.06681643270336851,
sqa_test_a8aafde65b4820c8a1e853e2619e0727e62ebdbc8661fd910a1489c1461f5024,0.593093598598412,0.7492043993720209,0.0,B,0.1992693506372768,0.07531798735823161,
sqa_test_a8c30940e27f12f010545e675a16552aa9bcae078ae1ed7d050cc1edc7510b1c,0.1911256234471227,0.962171442659653,1.0,C,0.07495311424568402,0.07373758769183605,
sqa_test_a942059e84524ae79db7f26dc77a36199511bf8a5c59e048202ddf78d7d3eae6,1.072298422374853,0.45577905707595207,0.0,B,0.0840332673317769,0.07166450411271975,
sqa_test_aa95e2751aa6b686f7254b0548f497b9a2f231eb68a4e2aa29e8dc3d1c936765,0.4473810304703908,0.8837607020013628,1.0,A,0.035110673649316415,0.025109488738504666,
sqa_test_aad2e4fafe91c364f990e2f5371516870f4c6e6664ba3f48059fe486420755c4,0.7885707132946594,0.7403502377004324,0.0,D,0.07453821273262924,0.027373103302904742,
sqa_test_aae712bc3c0a166dfc096d24b881d0256250eb2b9a85d8be70b0120ddc7ce9bf,0.5325494007715189,0.7771079189966767,0.0,C,0.6866941307040225,0.11015294881254549,
sqa_test_ab36bdcdbf1d1092e347560d7352a497c54dada41b966347e3af76d538463a4a,0.06259002102577976,0.9902708339059588,0.0,D,0.3758271867749641,0.08026955658047087,
sqa_test_ab4f2e922d737a009e3368aceec4f64bf577c7a7335eb85c7e6dab7d680c11ba,0.00032321402937483216,0.9999732978321718,1.0,B,0.07802725408439112,0.06759844862570646,
sqa_test_aba388db004a8833183db9042963e592fa216869b59da56e8a75c151581a3063,0.22761583092792517,0.9515054363004332,0.0,A,0.1223596288600015,0.07504224654963011,
sqa_test_acddb159d86f56aa594c5c78f8fa05ecf756694a2d1a867afd3bb2ee05592c3b,0.006181708788679966,0.9992944215444085,1.0,C,0.2682399853518809,0.08326040040891595,
sqa_test_acea80b431fb9041bd321cffccb41065deeb553a726b61876f89babc7d81ebeb,0.4086875684875263,0.8954418279540891,0.0,A,0.07815532323414345,0.02543236395043656,
sqa_test_ad32fa76f206a97425275ecdef85bf65edaa9558577b3e36b6de78690aed3a9b,0.1959438812711577,0.9548507170259248,1.0,A,0.0465053921953932,0.02502812309361445,
sqa_test_ad4b50cdd9a3847c8716b646da1c66d3f1918383542e65abfccc0b269b4cb01d,0.08407854043568895,0.9838327929354737,1.0,B,0.10842281800957038,0.06763170121861498,
sqa_test_adaee2ed61d5d07f8436693fb1762290f7c59c9b10794498de2095bae8478936,0.4852933241836582,0.8647206111532927,0.0,B,0.2038315518574961,0.07703256530284655,
sqa_test_adc2ae1bb6c16637f090b84fecef875ceb39d1e0dae9cf6620df3a9768d5c36f,0.3514281979681615,0.9235291192156342,0.0,C,0.06392349227527098,0.025261502803056647,
sqa_test_adf0a6f9e4d470035c06a9c7daeaf88e866f756328f0bfa57af460444ad597ed,0.003996439581364492,0.9995411356922493,1.0,A,0.10958261147543202,0.0630919285412708,
sqa_test_aeebaaf2a3eae19f37b367c50e636730ea377389b76a0d67caa63630fca2196a,0.45585700047289196,0.8844239339340088,1.0,C,0.07659089590161548,0.035096830833485804,
sqa_test_b011e943ddcbb537e7ba5006c4edbf9c54ad5f429e16b1a315429b28b1aad7ea,0.8119634901547729,0.6593176571040699,1.0,C,0.08103132973011432,0.07617078279206863,
sqa_test_b03b267e5876747c5c6a92f741fb1dad6bf3f245b3e00fb8b413325dcd4419c9,0.7734736284793081,0.7350416180756322,0.0,C,0.025014999898645456,0.025000782532964824,
sqa_test_b0bd2165cf927888c3da2ba086fefb21930d3e49f1a3965b1c0f812c06011cbe,0.7488610575342622,0.525294038631014,0.0,A,0.048858000909551495,0.02926990175180596,
sqa_test_b17a81ddbd63119c6477d87b998525ff316e04c8038bc2257a8f2d20db02100d,0.010045810493194578,0.9988118239306476,1.0,B,0.15704449572031567,0.07485798565951565,
sqa_test_b1b5c71e43b6401e978f247b5fa907257b954a42afef02359beaebc26df60c54,0.6752995160450893,0.6730021644780279,0.0,D,0.0698131046503654,0.034161848552350264,
sqa_test_b1d301ea8bc69c589decc3f2af653cda5ca83b5f710bc38e8961f394d77187fc,0.05503272222698956,0.991274860910912,0.0,C,0.21416749599038787,0.07438734581963338,
sqa_test_b26cb41f20d6ebd39b48d509a1546872d71ba88980bcf97d514e942847542815,0.004986647460642488,0.9994577726724128,0.0,A,0.10215656339063661,0.04693880060348758,
sqa_test_b2c2ca036e1a229501043a5d3548be93924dbac3bc0fbeae14f81d441253bcf2,0.3957841403316031,0.889443540314989,0.0,D,0.12532686192400186,0.22387009480192188,
sqa_test_b2e4d52aabc99068fda7ffa2ce0b269f64ceb47e8df49464658cf7ea6b6dad0b,0.0037919674793431943,0.9996083125416166,1.0,B,0.07418540693194836,0.07476482398814678,
sqa_test_b4890ab521399ffc125eb6c632a7f56292280fa34717c437aec52fe322a978c0,0.17659190660513485,0.9602885156905865,0.0,C,0.06590797792143843,0.02502458660100461,
sqa_test_b5096830c182dfe8cf6958102fc779a242cd9ca855f3ec20c1a19bff149b30d8,0.7438197963997933,0.7524459195072676,1.0,A,0.0923561979262719,0.025096973794280067,
sqa_test_b5867b012cda5ef5cee4dbd81b92160c27fc5cf63d4e65f7dcf31751833a1884,0.023364340512521564,0.9968320672253399,1.0,B,0.07407965980155887,0.025021701736498116,
sqa_test_b5ae0cb7cfbf8fe70bef8e0cabc2b8f841567cda729b05a0680fe88c7df1dcd2,0.00287549739485538,0.999708737354925,1.0,D,0.09493326376004971,0.0671939930178215,
sqa_test_b5dde8abd319f86acfbdacffc8ad6560461c453ac63d45e29bc80624848f9e7d,0.007065386149926949,0.999197174412332,1.0,C,0.08530380715050807,0.06845849001212351,
sqa_test_b661acf98aded8e819de32a64a78556c7b812729bb4418abb6795994248590a2,0.49294376187518496,0.8285101373539752,1.0,D,0.22682687966838994,0.1217839505450741,
sqa_test_b6a1494b2096bcae8972a73fcddd49a9dda5779fe2ef6df24e5ba90d20560f90,0.36700300020988663,0.9011074073439083,1.0,C,0.06900005638908384,0.04689468658018317,
sqa_test_b74e09b061cef9fb91806448ad2c0d7d27fe02f9a0572b1082cc7afc6cd1f026,0.4640401802649189,0.8740979661460868,0.0,D,0.08328916263915094,0.025935279461751254,
sqa_test_b7c32978e530c10fac3ff5638b8fbe446e94dc87e21c86b98dad0cd64ba44f05,0.006873445954781271,0.9992220498028976,0.0,C,0.1397371686722045,0.025296264633249094,
sqa_test_b7c936e6457711145fd959c7fab224c5fd66c32d2f10419f53399cd6f2f7ec93,0.8737150537748549,0.5785904873188177,1.0,D,0.742002466349242,0.1848195974205765,
sqa_test_b8274beae45b137d1491858181ac5543f98f15968669a23e6960d257cdfee2a4,0.30063349358304325,0.9279235507406217,0.0,D,0.07849942059022795,0.070943020656902,
sqa_test_b89af587970e03cdd0eb8f86eab93fc7e8702cded363c1bb339c25e8a145f711,1.1930629645358872,0.4844063473382293,0.0,D,0.07245244256838261,0.03510530757048799,
sqa_test_b918ab0f7c3c3c58eba85c098c685e3de848114554a5bde8c5ef66d01dde7309,0.27619921618555787,0.9385798380779664,0.0,C,0.09368874809016534,0.028048219748649603,
sqa_test_b91cafab0fcb33ce0f25a2a0fdfb972ff444c995c3e1e88a1d11c4b7c3c875c8,1.0051560194924112,0.5177634189478678,0.0,D,0.5168544120121763,0.07527427259580696,
sqa_test_b99074fc80a7a16c4edf5aad10396b52b39de723d62da3836ae614bff6dd0c3b,0.24726776606199016,0.9473107313037523,1.0,A,0.029307539863394908,0.025071058221360465,
sqa_test_b9a830338aab07b6acd169b039bdea6f2c46b2ccbd91116025ee5b484f4ec439,0.9015331722680309,0.6864995672191139,0.0,D,0.02505742471405361,0.025004860576039706,
sqa_test_ba2bb62d5b19cade50a8275f33aa284c1d56632c0bc02d7759f5b6ae3067af40,0.8867423007187849,0.5795317383661496,0.0,D,0.0721654775238267,0.026658023846553254,
sqa_test_ba343c4c3956154c6d196272807996405e786faca111818c22d5370c39153842,0.12367956753434504,0.9743576067528548,1.0,A,0.04391865654889056,0.025035669950407013,
sqa_test_baa47e5e93bcc990db867c3c7df6e734e640b0c01e6168495642ad33b3dc3d9b,1.0692818910684463,0.44313244405042157,0.0,A,0.07479953764868216,0.07413438123852668,
sqa_test_bba16bf222c81a6d25bd0a11fc44613a4d2d82eb33d42f2e8a89584c5c73ad47,0.008996789422197731,0.9989517006529611,1.0,D,0.08795616637940884,0.03324789712048885,
sqa_test_bc31e54fccd7f835ec78a6bfd9c0986f1aae467752117e4b2e89e401283056be,0.48970676864910356,0.8642411388465715,1.0,D,0.5624884752282386,0.0752783617612135,
sqa_test_bc669296baadc042f9ef348db5d0ff1c1ce42db143bde035bda2c98f32303524,0.7301616152831681,0.4966480927153247,1.0,D,0.07582257181944203,0.02800670682602771,
sqa_test_bc7821f5205adbb14e6ef8575414989c4c4c7453e4d082003455659ab5813a4c,1.053110202169026,0.571614532450701,1.0,C,0.05639239846176057,0.025550804170481545,
sqa_test_bcec735b8eaa56bf02651124cf667f9ab9986c3574967e6855e4d265e593a616,0.8200342583239706,0.6856215053967604,0.0,D,0.06866515213581618,0.03241352056234773,
sqa_test_bd51dc49d811eb05b5ea12412f637970052fecdbd8c6b5c1960d883727d825db,0.0029626473923374708,0.9996322554043741,1.0,B,0.07931030114460669,0.06966791706395488,
sqa_test_bda07c466050ed1bffdab2378da71a4b07aba8e9f7e116aed5748d882a914d2f,0.2505054418770999,0.9456781774351074,0.0,D,0.0769003733454134,0.05759009918443014,
sqa_test_bdc7ca31722319c729f55325e60795a7e2521a2aaee937b0c15a3082e258dddd,0.5775629710272785,0.8227695595877959,0.0,A,0.05723544530635078,0.07504278488731615,
sqa_test_be2135731bb7675be8d8317507e31c822bf5580ea7d037d9027ba204b18b6ab1,0.9673707222289084,0.5654598508912606,0.0,D,0.06826939846887575,0.039753309589821186,
sqa_test_bea1cd156a2af78974e4bc4418f2250bcd64b28ee6b81e6a9a6d699b7dbf0aca,0.912842634621219,0.6133226228158111,0.0,B,0.051705337161587775,0.02880421278897817,
sqa_test_beee79e25b6a7e5538fe774bd31b9014742a446de07fc59bf21e8398cfb736fc,0.3134703859826051,0.9204113647351128,1.0,B,0.07999795966666186,0.07476170139834643,
sqa_test_bf5b6f1faa6c49f7789db9e61eb6e1cf1f33bda546989a8a6fcff68c62b06ca5,0.0163894776546872,0.9979042911289928,1.0,A,0.06263389552273531,0.025015663057033347,
sqa_test_bf6c943789199624681a9953f8f9d40a6012087f51b2c45815229cd2db3ec1e5,0.07735219431642394,0.9862767212813747,1.0,B,0.07578758363536633,0.05161147153947149,
sqa_test_bf80418c05671b05d6568ee07203a26845d4d2c39850c349ff698ca23c55797c,0.7028639165871553,0.5606313158136449,1.0,C,0.11380295448073476,0.08244317281500624,
sqa_test_bf9a137e5e892ce2e93fda7222f66b8e068ab0d3fb16975d4d13636dc7cf6844,0.2583625767477221,0.9440149044264247,1.0,A,0.06816766693010354,0.03165166701577921,
sqa_test_bfe62a7bc15d91725ea80d9696b9624f90325fafd1ed28082d82f42542eba707,0.09894040616151606,0.9816634862835331,1.0,B,0.07131848466113294,0.025159911375036634,
sqa_test_c14ce05b0781d1d9da424f62b9885c0d3bb3a817258e9224f05d8778052176f3,0.7707963955165479,0.7380635390426102,1.0,B,0.08431112398969012,0.057597405067615154,
sqa_test_c1bac6ec9239a39b8170cd5dcea113ec43bee6e4355f0c1b85721625c3404bf5,1.1131540586604753,0.5904283626310024,0.0,C,0.06846022530013943,0.028006415540068972,
sqa_test_c1ee1cb25570a6290db96b31b6193dbaec59c982612d1fd21266ad603e0c1ac5,0.21754175494787326,0.9486692678100026,1.0,A,0.07572463627560422,0.0615636489738116,
sqa_test_c42658bee10a93608ec3c637220f28eff424ad6aba9255b8c8a21ff8cebfa1bb,0.7541762781265442,0.5830564858647831,1.0,C,0.0797635424106313,0.06181993731503732,
sqa_test_c50d66949167b3d324642c4a5ecb4d27a884c427b02f2dab28170137aa6813e9,0.6064376458962627,0.8007802502517349,1.0,B,0.07545651038260098,0.04692817993615923,
sqa_test_c5470616624e7b9e14b4820a8bc3b5e93f7c6c7ef3186ab951fd537f8cb72818,0.1879624117454115,0.9637707963659916,0.0,A,0.05357426476069589,0.05027863265480743,
sqa_test_c5543da22e1aa18bba61d0f46f29f2976fffbf5065275ac626d8993827bb61c9,0.3625848886627152,0.8900372276582331,0.0,B,0.07468990742757012,0.06686465317528607,
sqa_test_c5792cab43b4fb85a829692fd2af7f699fce26b2d7c1fefd5fcfa2c941fede17,0.6785325810375693,0.735449400826362,1.0,D,0.032577951776642446,0.025003117819235463,
sqa_test_c5adcd6caf868057ca414374730cbc1086110c482a6c28a4626704fdeb050da0,1.110980247422386,0.4395232605900522,1.0,B,0.025071059427650158,0.02500355138337219,
sqa_test_c643425978eb069860547da288afe52bbc70454a6caa4bbcfbbf9e159b3d8625,0.009634372483347333,0.9988787838203278,1.0,C,0.18489819201940663,0.09199721598399138,
sqa_test_c76d9bd061e333270cd72475400fb48b31122db63dfd52a361aaea52502a7bef,0.7496010122224058,0.757952471887134,0.0,A,0.07825099783828489,0.07025147225919463,
sqa_test_c94b1a17b966eb719c053c8d2ec316d0744b11200381179543fe554abef3ed7e,0.13162172535138456,0.9739208291212531,0.0,C,0.41617809770257197,0.07711158168132268,
sqa_test_c951c8d879ce6005568d01a3bbcc4de9b6eac2803b7beea2014c88d3bdae56ee,0.8621415314018254,0.5628254641023072,0.0,A,0.08367584265408616,0.050026622766318404,
sqa_test_cad932d6a95021b4e00506934cc8e264dfbdeced3ceced94571fd1d4d95d71db,0.41365533666144433,0.8916254055202475,0.0,A,0.09844914128466753,0.025075334131302397,
sqa_test_cb3011a87b3c4cb49c8147075d928d4036a688f60ec14e349a95dc203d3e2a63,0.5918616190157987,0.8118192664937653,1.0,B,0.028830359345679155,0.025019468148469247,
sqa_test_cbefa66845ee772d343077afba89e716060aae5630c3ee0e2d45e2e3f23722a5,1.043204997034647,0.5815386522223681,0.0,B,0.09874286571793148,0.07609498003843931,
sqa_test_cc72d96018a342afb27447bee83bcc7f1b6f985d37c52e87a037591038d3b5f3,0.5984208291769507,0.7497291131361743,0.0,A,0.06866052118577678,0.04537875724970418,
sqa_test_cc76d05bfe56f7121b88fb5aaac1a777e490b9bd1654731c4bb3781a3edb6e01,0.010013723794463235,0.9988061155602024,0.0,D,0.07309552144011738,0.031652544896442834,
sqa_test_cd2e9dde237d2ba44851564a578a2c34da297877e046314898fce4f88e1006f2,0.7578639949228876,0.6102254358386666,0.0,B,0.07721641896787529,0.0716681329896681,
sqa_test_cd645499fa7657f8141f58e5eae4f8a504933d1d9705c0291d94e969eadb82b0,0.539650349845353,0.8555555924560728,1.0,A,0.07362043684552001,0.026150413433815127,
sqa_test_cd6c32c4bf458363a17a1816e445da643891ad9bf0f3666cf253b94ee574ea24,0.47079068712437067,0.8723838949449302,0.0,A,0.06868737146613003,0.04246267870478427,
sqa_test_cd7b5f7d834ac476cda3c2ed70e78abdba550d62570bb03cfb0bb056251b00d3,0.007875650041891624,0.999129100816397,1.0,B,0.07441916731052337,0.02510925128516588,
sqa_test_cdc5f3a246db12ad87ba6f87672c14f92a146a6be8533c0c26418ea7c080c6de,0.5899675944060567,0.7690829838844108,1.0,B,0.09301840709447659,0.058973979806449604,
sqa_test_ce816448ba08818b81f73e32a2ed03fff1d31ed1e7f07199bd42129b64b25d59,0.4414255712676636,0.8754147280507582,0.0,D,0.07303041246346874,0.025336667686390785,
sqa_test_ced0e41b8a0b0b80adde11a55c399d859a16edfcb97f575d664c6122401a4acc,1.2683523689176164,0.3374292044700823,1.0,C,0.07664432773800647,0.06764730451799437,
sqa_test_ced60b8f4fcaf949ffadb9940e2421916eda825be28397b284bd4337898bcd85,0.8087291572497143,0.6424562592968873,0.0,A,0.06583689696087634,0.056154435456187805,
sqa_test_cefe1a4cfb2a3759e04545624dde7b241cdcbea85dba5b800de3745189f682d8,0.7297925908675416,0.7772229150212976,1.0,B,0.05319168515171457,0.025085648218087224,
sqa_test_cf4a1dafc8fdc074fe175c2966c168eac9d25a00ff0cf7fd02b7cb7a1d783e9a,0.017679573964307506,0.9975914693517947,1.0,B,0.07203890080157746,0.025096546611057584,
sqa_test_cf899631df14fe458ee95e5720474a899a6bb6559d91c15522ae4df7866f01de,0.10263082327134619,0.9817571204451766,0.0,A,0.07581594870968125,0.05001436820466206,
sqa_test_d02f6edca8acb703a9273512bd8e7ad7c3bacc27a8ffd3261b9ff33e173cb2ad,0.2601881192937176,0.9377384792360128,0.0,A,0.17160809074800817,0.07478510174996048,
sqa_test_d1b59b7cac1dea4c8629a331caba2a7fddb52dfbbc785685fe08b13fd085931c,0.14141510616303749,0.9724995482834033,1.0,D,0.07656163351924031,0.027671614596482434,
sqa_test_d1dfdb90d1804e10777f47b9548c843400cf8871b2ee9a75e08d3696b8b371ce,0.013140857549857242,0.998245818394718,1.0,D,0.0826455311620898,0.05911028602683783,
sqa_test_d275aa40a5119a930f4e5d5e4d7d9c498bce67647d577532cd60dd8dc71de27a,0.2900429718820804,0.9330763149698011,1.0,B,0.07483012617180675,0.07314189850497839,
sqa_test_d370c9537bcdee79fa11c26172e4a520a2fda9bfd0f4169c6328f547b71fcd8c,4.125549047593067e-06,0.9999997615814777,0.0,B,0.5865268049360447,0.07438049675434424,
sqa_test_d4403802cdf1d3cb03f66a809ce9ad9db83015c4cbf3ff22cdddbe27d3d895b4,0.7900104107487145,0.5488951751063295,0.0,D,0.025073753312188717,0.02500375998534493,
sqa_test_d468b8e53c9767113f8d9b13d431c2dfe3b838f6537d9ffc1d7ac77bb35c3099,0.16449689120780991,0.9690426709451497,1.0,B,0.07087501069721439,0.02590146867285977,
sqa_test_d56aa156a7de35c895dfcdeab619fb394824ea2cfa47283dd83682709d0ba59e,0.7604165183897131,0.7684593190771281,0.0,D,0.1416071967628466,0.07988744308367128,
sqa_test_d68460330174b468c3f3e0b1707b3254884d15f05a9e742a9e6624b87ed3a08f,1.1812450816187539,0.459322920731386,1.0,B,0.09297149128936072,0.061579037794396996,
sqa_test_d6e191adf308b1a7919bd836f9cfb080a93674d7865fba1e10d76e0fd6b31576,0.021250511287370356,0.9970456876679558,1.0,B,0.0757516409208085,0.027671279885911237,
sqa_test_d73b716ad380ba418d7d48b6a2c2a75d3f2032001d64d7be862050822fe57e6d,0.9311087062006125,0.6078187853344983,0.0,D,0.06917306740436778,0.03726688442058308,
sqa_test_d77d918f00f1969dc20786d109b29e16e42216f1acf6dd71c32dcfac120a7903,0.11532280734124904,0.9773367053636154,1.0,C,0.025439985645925697,0.02500688119208104,
sqa_test_d865c665f6acc3ee5072bc0c8006575af3dc6e73bfb47bfbd7491cdf78f873cd,0.3900181773402699,0.8985260739664398,0.0,D,0.07429327646267214,0.025710829309444582,
sqa_test_d874e4c95171a45e7dac70c47dbf43f9d9d52e1ebbeb382a23d50ccdf88ff2e2,0.7877807933831554,0.5762480782747584,0.0,A,0.07664904261163345,0.05620282686494541,
sqa_test_d87c4b8275b9cbc95362d9039f657e9db3e258363b4545b1f39f61ab55f330bd,1.07080917701861,0.4859917757004059,1.0,D,0.045491284383886575,0.038469318310846705,
sqa_test_d8a702dde7845cefdccfa1b74b12e71e3e8177bd9b85a735b2ef40eb5bb977ec,0.5816393707095975,0.8114707406461443,0.0,C,0.2908190358387116,0.08038276562780633,
sqa_test_d8b4ab23232f822f00f0dfe99c96a3ce6e3d7545b72b6e9fa9aeee8fc3a9626a,0.03753373645998264,0.994350582396162,1.0,C,0.03430557042063337,0.025018069268811234,
sqa_test_d99b4d5505b8531edf75fb7fc060d5506993b052fa906086f258dc09523cbc3e,0.3183583623450501,0.9155584080289256,1.0,A,0.05997889568782402,0.02508558929652984,
sqa_test_dc7fbe392edfd34fa2abf6e2b656f79cb945e538735183225ed22d6367a54208,0.7529086998314649,0.5538194685435542,0.0,B,0.07584096714360057,0.07403888668734421,
sqa_test_dd388c56e185c6ad268fbd38f738e644b822e681774a880d58080fff224f3f7f,0.03717920689620381,0.9944207177951299,1.0,B,0.07468771087167606,0.02710513669237521,
sqa_test_ddde5d67f6b724db9955974640cdec6f8b8cf14ae30016e6b4fb6da896536148,0.6777013216098976,0.6207255487195056,1.0,C,0.07422451828161167,0.030349228979584055,
sqa_test_dee670434dfef01be6b7f25427be4aebd7da707885ba46f9a1fb353d99c99e26,0.06009608202256382,0.9899672184553162,0.0,D,0.08431387514492476,0.07241421082239015,
sqa_test_def801b3d756bdcb9d1e348e9de198ca14053715d98ca4fb74b2978249226f5b,0.012268257872899391,0.9979695859778492,1.0,A,0.034213639107519234,0.025059009059224546,
sqa_test_df33c2d3a04e34dd1801adbfad5c8a5c58d1b3cff29d342b59d03d1f18cfea17,0.7272546281218271,0.760543867629723,0.0,B,0.6006652161496588,0.232603471471533,
sqa_test_dfb75bb4da74098a38ac4bacecde146143639fed4c52e27090f5b5da1996a354,0.11072447678113255,0.980230415136533,0.0,B,0.0907798641806704,0.07785778809106673,
sqa_test_e01271d86100107e9a98b80a1d569933b03f399c43bf376c828bc3ee522f99a2,0.7469805966986905,0.7581296335183676,0.0,B,0.07233432624021968,0.042442037875148296,
sqa_test_e0e186f173e516709626a5d0f4e89028ed41af8808dc04006728f4213ac935c9,1.2903192012277593,0.4389606863086435,0.0,B,0.11348770205510925,0.05465627116366814,
sqa_test_e371d4b291f8672c6c329d3e335eb4248fa8de28917be9c2504a8a6b1cb3a874,1.1934626018516479,0.3922497280275719,0.0,D,0.06989774164567299,0.02500190080129476,
sqa_test_e4cc585095438ff3ec74dd9ec1969ff2e650ec09f76164f4d003f364b3f6c41b,0.027067743657148587,0.9960514669371308,1.0,A,0.07999442571549882,0.027672795418073104,
sqa_test_e5e3ab25a764dafced08ead12973aae78f4fca98de83e8405b4737cb73c30e34,0.006363242249461737,0.9992615673254968,1.0,B,0.07499549274907213,0.03509280625245684,
sqa_test_e638eead2cf70fd5191cd71f3e49d80cb9cfb14fc644efcab9492e26333d10da,0.5898348308634087,0.8302330120182587,0.0,B,0.32440834825119225,0.07446490494889715,
sqa_test_e6b2d7471cb9df7fc331a4a124275c4b9cbffbcbde5e3eca253ee023373a13fc,0.02365261951012207,0.996930276203311,1.0,B,0.0920857835806117,0.08122599803248487,
sqa_test_e6bbd5c3d84ff830cd21f0397c950bd64bf556e7ef8109bb9dfc895867f24a86,0.9165311177759153,0.6209969522907951,1.0,D,0.07562396360591386,0.027108685990470362,
sqa_test_e743b17f2ead8301928ba9896f187e28b191b88872a42f2ac5cf80e3785929ac,0.16839114372602654,0.9654861416390487,0.0,C,0.07478276052185842,0.07077104027000905,
sqa_test_e86037e84c282c58129d874d3bdcff91c697ff25075eba44534fd4bb1d1384f2,0.03922704821503318,0.9942514668447764,1.0,A,0.11194006537123455,0.025553639374885057,
sqa_test_e8cbdd0c0c3d9a1847f07773fef93c3e09eb069859a489456549b85e74764ebe,0.5571683345699786,0.7548897246812732,0.0,D,0.45647785407402025,0.07488133867585235,
sqa_test_e8cf783b83d3565c951e848a5831096ad0d08eb6d44a2aa5e9b190e9fd9aac4e,0.9290227473840136,0.5762251692397913,1.0,C,0.07584113782570417,0.05614540719644022,
sqa_test_e9214053cd06f06441ccc7786b7fcc0106d38abbbbf72b13d22862eb34b0414e,1.0581720424946361,0.5368812192528563,0.0,C,0.07528191318193612,0.06603657597782449,
sqa_test_e9532965ed023878e9c1c90fd796279004e40fa5642a030d6cdd1741ad95ed7a,0.9872551196592766,0.592011882300828,0.0,D,0.055050909928217484,0.06772668927890767,
sqa_test_e980cb50ed1b7dfca12db4004032c4a00d05c1368eb2f86e823c077dd5973935,0.09658168457478364,0.9843720549116411,1.0,A,0.07221446315367244,0.02506666165406181,
sqa_test_e995dcaa2a2cd6aa97baf5be951676626c07a1270cb0bbb73a26e347925735fb,0.12667324382463704,0.9760311436818747,1.0,B,0.17151712975048278,0.07458232801384036,
sqa_test_eaebfe3c00691250f4e1452b1fd599b08b2ec2e9ac1691e2b15aa4cd00dd240b,0.016928033138414844,0.9978473134970167,1.0,B,0.06708284915582009,0.025008170818997685,
sqa_test_eb9d0af77f142b05a69db88ebb02be1f163a93c32d728aa157312b657fd6de88,0.6750449877151795,0.6483982301886364,0.0,C,0.1280600971090838,0.07422648516477529,
sqa_test_ed1ac09bb4bd884bd9acf380448718c15b9c53d63ef46c446437506cb773abc2,0.08605064798951825,0.9844529208303291,1.0,B,0.12574910795779895,0.07562511610478435,
sqa_test_ed594c5e4f0f0a872bee222b47cc69eb17112e6ccd106227ab6ff2feb69dd254,1.1446421081716887,0.3543493423507725,0.0,A,0.0257118621132224,0.025059108247563442,
sqa_test_ee9a9942c2ea19ac8842f9b4a8ce2a8367397fe0df82096e6381e4dd12ea0cc5,0.37652759810301534,0.8987848552316593,1.0,A,0.02520964750619439,0.025002247972424778,
sqa_test_eeacfaba65f067a616467aea2165f3b72d13dc414744d625697721df4c876697,0.1458174854623156,0.9706668883025744,0.0,C,0.12336050684454405,0.07336186980614892,
sqa_test_ef3e8afb377249d5b77fc69e096efdb68a7b2e3574e84621eac308731c3562c5,0.013237456757139795,0.9982921492361435,1.0,C,0.03575121480051751,0.0250990776542945,
sqa_test_efc796c5c602758f8b61b2769c161bc57bcbde9065beb5f926e27c165738efa0,0.8115934622855144,0.517405584704239,0.0,C,0.07127559116230431,0.025795726722293456,
sqa_test_f0e2d2594d02aef81dbfdeb949ee73291cdc4d3c8157cd3e243981413c6c0770,0.06253842390913639,0.9886541650948916,1.0,D,0.02513081032653539,0.02500295270147954,
sqa_test_f1f3c119a9da65b89e0f90622a0773281b66371765ab3870773895b3700ad805,0.01491288575590697,0.9979807464225986,1.0,C,0.3068351186158658,0.0905579160389219,
sqa_test_f24925b9df00d89105aea7990db9f0cd19d2ff5c53372c54b8385435a25f3755,1.2023846802260707,0.4848539679916971,0.0,C,0.08644025795470023,0.07534684747654452,
sqa_test_f255b07c12685251e216805908fed4a801c9bb5b8b83cb8ecf348c73e186a8e3,0.0004676480418583132,0.9999581592914675,1.0,B,0.25028056099951446,0.07511585759080763,
sqa_test_f266829f905b3f556eb572718e27f683a4c8444bdf7a683d9117ef9724adbb40,0.014828175401375805,0.9980408264323015,1.0,A,0.03982258840145759,0.025008057158282904,
sqa_test_f2ce67616cd40ccf513be3830e4f531b81656c5ab0cd11f946a84a2f83b8bd4f,0.2238786011031264,0.949748386894328,1.0,A,0.0309787770948086,0.025901710512430797,
sqa_test_f33713a693a1fef60e55b9183c07ef19c94f8380e65259f68ff1ab0090eea395,0.1483203839273684,0.9709946219400368,0.0,B,0.05465966962852921,0.04690293991321071,
sqa_test_f3ca3390a122d11dc0ee020f20f7d0cdae0fd38186defaae8d286f97f8d5e19d,0.010624226446928085,0.9987674664029399,0.0,C,0.07019490654470073,0.026467985877210616,
sqa_test_f455a1dd46764bccc8a004d9a11c626b3a2360d2387934fa4de05c105b646593,0.5148291212812129,0.7968521846275324,1.0,C,0.0736988074874577,0.0453752820863655,
sqa_test_f4db2a747e6a0c684c1c7b54b4bb6eaf58707627fe143836b1cadec7a78f8485,0.0664682514164298,0.9891602382580094,1.0,A,0.029612582598433253,0.025002043839451777,
sqa_test_f5991f7d1b2a21633f68d637438ca0ac9bd82b3a1e767b8fdbaff04bab50c854,0.8187893764071761,0.7475976803251767,0.0,D,0.29081176304182826,0.07875270545845024,
sqa_test_f5a60f17947489a51e005ea6167f0e0dac13c0e8d4e6fa825b54a15fed311876,0.6218462091924271,0.827409047357154,1.0,A,0.029894673425740155,0.025003792677252345,
sqa_test_f5dcff1e02cf0629c1eef1f61f5b29a5439740800bb8fc03157a4a5ab132f974,1.0577261961908433,0.5214032588406072,0.0,B,0.09284580808234877,0.07624083507848974,
sqa_test_f629fbf37026258c3e152db7b70b026e7f2523ea4ae67aa26116bf6a3e259ee8,0.022377980228578596,0.9969194949414542,1.0,C,0.04118269804651699,0.025094952219429787,
sqa_test_f68ac58f68c1ff53a0a28cc0779923025f2935e733e88cd5cb6dc328516bbff5,1.3037615193520171,0.3162388818562017,1.0,B,0.06502809931782012,0.025096565732647926,
sqa_test_f6c3ed9e5a3f5c596ada2e1faa2daeb0fdd5c62c7b0f27c734311ce89783af5c,0.38836093114133763,0.9012235765381892,1.0,B,0.06495017988394473,0.025052342658919317,
sqa_test_f7ab916f77103b9e18539004f97cee90e459f2e4c65fc1d8925fea0f76555109,0.4139787470627083,0.8923149229870715,0.0,C,0.04107176752474245,0.025027995250937008,
sqa_test_f832256e44f0b12f9020e2632611e3a1663bf3aff016adc69b56d1947fb7eda6,1.0107049151204004,0.49325823524447143,1.0,D,0.07378676672837835,0.04389305944192318,
sqa_test_f8ed4c657cf25c8582e23bfbf82e52d7b83558f3db7cbff84cc7eda43c170f36,6.776795611542114e-07,1.0,1.0,B,0.7037142525351717,0.08348043435774587,
sqa_test_f9aeee91ce3644e8268abc51a73005ac0f06e5cb5ef1e00f36cb308822c924bb,1.3313115872850372,0.3793990611415633,1.0,D,0.13585155158466958,0.025431736824083787,
sqa_test_fa70269e04b74c33c208b92334b60d9cc147273cb15e6c42fe7d6426303ab881,0.0025392476923010825,0.9997275618185977,1.0,B,0.07668416869136972,0.02646575342336284,
sqa_test_fc17cab9a9dab831ba1eeb55fadc0be503ed0eb49c001e0b7619f42bba0b08c1,0.10937471719754749,0.9805580003168218,1.0,B,0.07600834518961888,0.025703963358765115,
sqa_test_fc7f72691e42b39958d607e48b8b64a6a634592f5b020f6e330f8d469eb0d2fe,0.8769210391055093,0.6692873433679831,0.0,C,0.07803685489034443,0.07165508622212534,
sqa_test_fcfba6f3e0f42b43e146ca4066db9b84d049661c70cc17d09ad100738eef850a,1.0522260839547575e-05,0.9999994039539004,1.0,A,0.37803184921055255,0.07533891724559827,
